,GLOB_ID,ALT_LABEL,ALT_LABEL_SOURCE,ALT_LABEL_SOURCE_PAGE,ALT_LABEL_REMARK,ALT_LABEL_REMARK_SOURCE,ALT_LABEL_REMARK_SOURCE_PAGE,,CHECKED?,
Azhikkal (Baliapatam|Valarpattanam),GLOB_176,Bellepatnam,"NL-HaNA_4.MIKO_W37 Kaart van de Zuidkust van India, van Goa Aan de Westzijde Tot Aan de Rivier Samgam Aan de Oostzijde.",,,,,,FALSE,
Azhikkal (Baliapatam|Valarpattanam),GLOB_176,Balepatan,"NL-HaNA_4.VEL_231 Kaart van Canara En Marabaar, van Onor Tot Cabo Commoryn, En Een Gedeelte van de Kust van Cormandel En Ceylon.",,,,,,FALSE,
Azhikkal (Baliapatam|Valarpattanam),GLOB_176,Palypatan,"Johann Hübner (de Jonge), Algemeene geographie, of Beschryving des geheelen aardryks",211,,,,,FALSE,
Thalassery (Tallecherij|Tallicherij|Tellicherry|Talchery),GLOB_461,Talecheri,"NL-HaNA_4.MIKO_W37 Kaart van de Zuidkust van India, van Goa Aan de Westzijde Tot Aan de Rivier Samgam Aan de Oostzijde.",,,,,,FALSE,
Dharmadam (),NR_25,Darmapatnam,"NL-HaNA_4.MIKO_W37 Kaart van de Zuidkust van India, van Goa Aan de Westzijde Tot Aan de Rivier Samgam Aan de Oostzijde.",,,,,,FALSE,
Chaliyar  (),NR_13,Challee,"NL-HaNA_4.MIKO_W37 Kaart van de Zuidkust van India, van Goa Aan de Westzijde Tot Aan de Rivier Samgam Aan de Oostzijde.",,,,,,FALSE,
Ponnani (Pananij|Panany|Pannanij|Ponanij|Pannany),GLOB_366,Pananie,"NL-HaNA_4.MIKO_W37 Kaart van de Zuidkust van India, van Goa Aan de Westzijde Tot Aan de Rivier Samgam Aan de Oostzijde.",,,,,,FALSE,
Vypin (Baijpin|Baipin|Baypin|Vaipin|Vypeen|Waipin),GLOB_10,Baypien,"NL-HaNA_4.MIKO_W37 Kaart van de Zuidkust van India, van Goa Aan de Westzijde Tot Aan de Rivier Samgam Aan de Oostzijde.",,,,,,FALSE,
Kuttichira (),NR_6,Cotta Chere,"NL-HaNA_4.MIKO_W37 Kaart van de Zuidkust van India, van Goa Aan de Westzijde Tot Aan de Rivier Samgam Aan de Oostzijde.",,,,,,FALSE,
"Karunagappally (Carnapuli|Karunagapalli|Marta|Martha, De)",GLOB_70,Carnapolie,"NL-HaNA_4.MIKO_W37 Kaart van de Zuidkust van India, van Goa Aan de Westzijde Tot Aan de Rivier Samgam Aan de Oostzijde.",,,,,,FALSE,
Kollam (Coijlan|Coijlang|Coilan|Coulan|Coylan|Coylang|Quilon|Coilang),GLOB_38,Koulan,NL-HaNA_4.VEL_881 De Kusten van Malabar En Koromandel 881.,,,,,,FALSE,
Pallur (),NR_15,Pallur,"NL-HaNA_4.MIKO_W37 Kaart van de Zuidkust van India, van Goa Aan de Westzijde Tot Aan de Rivier Samgam Aan de Oostzijde.",,,,,,FALSE,
Udayamperoor (),NR_17,Odieamper,"NL-HaNA_4.MIKO_W37 Kaart van de Zuidkust van India, van Goa Aan de Westzijde Tot Aan de Rivier Samgam Aan de Oostzijde.",,,,,,FALSE,
Mattam (),NR_19,Moutan,"NL-HaNA_4.MIKO_W37 Kaart van de Zuidkust van India, van Goa Aan de Westzijde Tot Aan de Rivier Samgam Aan de Oostzijde.",,,,,,FALSE,
Poymanacodda (),NR_53,Ponnanacodam,NL-HaNA_4.VEL_882.2 Particuliere Kaart van Een Gedeelte Der Kuste Malabaar of de Strekking Der Riviere van Chettua Tot Coijlang. 882.2 Blad 2.,,,,,,FALSE,
Kodungallur (Cranganoor|Cranganor|Cranganur|Crangenoor|Crangenor|Cranganore),GLOB_43,Krangenoor,"NL-HaNA_4.MIKO_W37 Kaart van de Zuidkust van India, van Goa Aan de Westzijde Tot Aan de Rivier Samgam Aan de Oostzijde.",,,,,,FALSE,
Ezhupunna (),NR_86,Aybene,"NL-HaNA_4.VEL_883 Particuliere Kaart van Een Gedeelte van de Mallabaar, of de Strekking de Riviers van Chettua Tot Coilang.",,,,,,FALSE,
Ezhupunna (),NR_86,Aibene,NL-HaNA_4.VEL_882.1 Particuliere Kaart van Een Gedeelte Der Kuste Malabaar of de Strekking Der Riviere van Chettua Tot Coijlang. 882.1 Blad 1.,,,,,,FALSE,
Travancore (Treevancoer|Trevancoer|Trevancoor),GLOB_421,Trevancour,"NL-HaNA_4.MIKO_W37 Kaart van de Zuidkust van India, van Goa Aan de Westzijde Tot Aan de Rivier Samgam Aan de Oostzijde.",,,,,,FALSE,
Kannur (European Settlement) (),GLOB_29_HUM_1,Canenoor,"NL-HaNA_4.MIKO_W37 Kaart van de Zuidkust van India, van Goa Aan de Westzijde Tot Aan de Rivier Samgam Aan de Oostzijde.",,,,,,FALSE,
Varanad (),NR_135,Paronatij,"NL-HaNA_4.VEL_883 Particuliere Kaart van Een Gedeelte van de Mallabaar, of de Strekking de Riviers van Chettua Tot Coilang.",,,,,,FALSE,
Tanur (),GLOB2_1628,Ianoor,"NL-HaNA_4.MIKO_W37 Kaart van de Zuidkust van India, van Goa Aan de Westzijde Tot Aan de Rivier Samgam Aan de Oostzijde.",,,,,,FALSE,
Tanur (),GLOB2_1628,Tannoer,"NL-HaNA_4.MIKO_W37 Kaart van de Zuidkust van India, van Goa Aan de Westzijde Tot Aan de Rivier Samgam Aan de Oostzijde.",,,,,,FALSE,
Varanad Devi Temple (),NR_135_HUM_1,Pagood Paronatij,"NL-HaNA_4.VEL_883 Particuliere Kaart van Een Gedeelte van de Mallabaar, of de Strekking de Riviers van Chettua Tot Coilang.",,,,,,FALSE,
Chelari (),NR_222,Tilcerij,NL-HaNA_4.VEL_881 De Kusten van Malabar En Koromandel 881.,,,,,,FALSE,
Chelari (),NR_222,Gongar,NL-HaNA_4.VEL_881 De Kusten van Malabar En Koromandel 881.,,,,,,FALSE,
Anjengo (Angengo|Ansinga|Ansjenga|Ansjengee|Antsjenge|Anjengoa),GLOB_7,Anjenge,"NL-HaNA_4.MIKO_W37 Kaart van de Zuidkust van India, van Goa Aan de Westzijde Tot Aan de Rivier Samgam Aan de Oostzijde.",,,,,,FALSE,
Thengapattanam (Tengapattanam|Tengapatnam|Tegenepatnam|Tengapatam),GLOB_920,Tengepatnam,"NL-HaNA_4.MIKO_W37 Kaart van de Zuidkust van India, van Goa Aan de Westzijde Tot Aan de Rivier Samgam Aan de Oostzijde.",,,,,,FALSE,
Travancore (Treevancoer|Trevancoer|Trevancoor),GLOB_421,Travancour,"NL-HaNA_4.MIKO_W37 Kaart van de Zuidkust van India, van Goa Aan de Westzijde Tot Aan de Rivier Samgam Aan de Oostzijde.",,,,,,FALSE,
Pallipuram (),NR_18 ,Palliepoort,"NL-HaNA_4.MIKO_W37 Kaart van de Zuidkust van India, van Goa Aan de Westzijde Tot Aan de Rivier Samgam Aan de Oostzijde.",,,,,,FALSE,
Pallipuram (),NR_18 ,Paliporto ,"NL-HaNA_4.VEL_892 Afbeelding van het Casteel Crangenor, zoo als het sig verthoond, als men staat op de overwal op 't Eyland Moschieten.",,,,,,FALSE,
Calbara (),NR_20,Kalbara,NL-HaNA_4.VEL_881 De Kusten van Malabar en Koromandel 881,,,,,,FALSE,
Ranny (),NR_0,Fort Rani,NL-HaNA_4.VEL_881 De Kusten van Malabar en Koromandel 881,,,,,,FALSE,
Kannur (European Settlement) (),GLOB_29_HUM_1,Kananor,NL-HaNA_4.VEL_881 De Kusten van Malabar En Koromandel 881.,,The label is linked to Kannur (European settlement) because the location of the text and associated iconography indicates that it references the European settlement on the coast. ,,,,FALSE,
Azhikkal (Baliapatam|Valarpattanam),GLOB_176,Baliepatan ,NL-HaNA_4.VEL_881 De Kusten van Malabar en Koromandel 881,,,,,,FALSE,
Dharmadam (),NR_25,Darmepatan,NL-HaNA_4.VEL_881 De Kusten van Malabar En Koromandel 881.,,,,,,FALSE,
Kozhikode (European Settlement) (),GLOB_2_1010_HUM_2,Kalikoet,NL-HaNA_4.VEL_881 De Kusten van Malabar En Koromandel 881,,The label is linked to Kozhikode (European settlement) because the location of the text and associated iconography indicates that it references the European settlement on the coast. ,,,,FALSE,
Tanur (),GLOB2_1628,Tanor,NL-HaNA_4.VEL_881 De Kusten van Malabar En Koromandel 881.,,,,,,FALSE,
Ponnani (Pananij|Panany|Pannanij|Ponanij|Pannany),GLOB_366,Paniane,NL-HaNA_4.VEL_881 De Kusten van Malabar En Koromandel 881,,,,,,FALSE,
Chaliyar  (),NR_13,Chali,NL-HaNA_4.VEL_881 De Kusten van Malabar En Koromandel 881.,,,,,,FALSE,
Chaliyar  (),NR_13,Challij,"NL-HaNA_4.MIKO_W37 Kaart van de Zuidkust van India, van Goa Aan de Westzijde Tot Aan de Rivier Samgam Aan de Oostzijde.",,,,,,FALSE,
Kodungallur (Cranganoor|Cranganor|Cranganur|Crangenoor|Crangenor|Cranganore),GLOB_43,Kranganor,NL-HaNA_4.VEL_881 De Kusten van Malabar En Koromandel 881.,,,,,,FALSE,
Pallipuram (),NR_18 ,Paliport,NL-HaNA_4.VEL_881 De Kusten van Malabar En Koromandel 881.,,,,,,FALSE,
Mattam (),NR_19,Mouton,NL-HaNA_4.VEL_881 De Kusten van Malabar En Koromandel 881.,,,,,,FALSE,
"Karunagappally (Carnapuli|Karunagapalli|Marta|Martha, De)",GLOB_70,Karnapoli,NL-HaNA_4.VEL_881 De Kusten van Malabar En Koromandel 881.,,,,,,FALSE,
Kayamkulam (Calicoijlan|Calicoijlang|Calicoilan|Calicoilang|Calicolan|Calicoylan|Calicoylang|Caliecoilan|Calij Coijlang|Caly Coylan|Kalikolang|Kayamkalam|Kayankulam),GLOB_26,Kalekoulan,NL-HaNA_4.VEL_881 De Kusten van Malabar En Koromandel 881.,,,,,,FALSE,
Thengapattanam (Tengapattanam|Tengapatnam|Tegenepatnam|Tengapatam),GLOB_920,Tangapatan,NL-HaNA_4.VEL_881 De Kusten van Malabar En Koromandel 881.,,,,,,FALSE,
Kayamkulam (Calicoijlan|Calicoijlang|Calicoilan|Calicoilang|Calicolan|Calicoylan|Calicoylang|Caliecoilan|Calij Coijlang|Caly Coylan|Kalikolang|Kayamkalam|Kayankulam),GLOB_26,Calcoilang,"NL-HaNA_4.VEL_234A Kaart van de Maldivische Eylanden, de Kust van Malabaar, Madure En Ceilon.",,,,,,FALSE,
Aywika (Azhi Mukam),GLOB_528,Aywieke,"NL-HaNA_4.VEL_234A Kaart van de Maldivische Eylanden, de Kust van Malabaar, Madure En Ceilon.",,,,,,FALSE,
Kollam (Coijlan|Coijlang|Coilan|Coulan|Coylan|Coylang|Quilon|Coilang),GLOB_38,Coulang,"NL-HaNA_4.VEL_234A Kaart van de Maldivische Eylanden, de Kust van Malabaar, Madure En Ceilon.",,,,,,FALSE,
Anjengo (Angengo|Ansinga|Ansjenga|Ansjengee|Antsjenge|Anjengoa),GLOB_7,Ansjengen,"NL-HaNA_4.VEL_234A Kaart van de Maldivische Eylanden, de Kust van Malabaar, Madure En Ceilon.",,,,,,FALSE,
Ambanakulangara (),NR_93,Maikollongere,NL-HaNA_4.VEL_882.1 Particuliere Kaart van Een Gedeelte Der Kuste Malabaar of de Strekking Der Riviere van Chettua Tot Coijlang. 882.1 Blad 1.,,,,,,FALSE,
Colachel (Colleetche|Colletje|Kolach|Kolachol|Colleetsje),GLOB_273,Coletche,"NL-HaNA_4.VEL_234A Kaart van de Maldivische Eylanden, de Kust van Malabaar, Madure En Ceilon.",,,,,,FALSE,
"Kanniyākumāri (Caab Commorijn|Caab Commerijn|Caab Kommorijn|Caeb Commorijn|Caap Commerijn|Kaap Comorijn|Kanyakumari |Cape Comorin|Comorin, Kaap|Caab Commeryn|Caap Commaryn|Caab Commoryn)",GLOB_877,Caap Comoryn,"NL-HaNA_4.VEL_234A Kaart van de Maldivische Eylanden, de Kust van Malabaar, Madure En Ceilon.",,,,,,FALSE,
Azhikkal (Baliapatam|Valarpattanam),GLOB_176,Balepatan,"NL-HaNA_4.VEL_231 Kaart van Canara En Marabaar, van Onor Tot Cabo Commoryn, En Een Gedeelte van de Kust van Cormandel En Ceylon.",,,,,,FALSE,
Calbara (),NR_20,Kalbare,"NL-HaNA_4.VEL_231 Kaart van Canara en Marabaar, van Onor tot Cabo Commoryn, en een gedeelte van de Kust van Cormandel en Ceylon",,,,,,FALSE,
Tennepatnam  (),NR_2,Tremepatnam,"NL-HaNA_4.VEL_231 Kaart van Canara En Marabaar, van Onor Tot Cabo Commoryn, En Een Gedeelte van de Kust van Cormandel En Ceylon.",,,,,,FALSE,
Kozhikode (Calicata|Calecuth|Calij Catta|Calicatto|Calicut|Calechut|Caliacatta),GLOB2_1010,Kalicout,"NL-HaNA_4.VEL_231 Kaart van Canara En Marabaar, van Onor Tot Cabo Commoryn, En Een Gedeelte van de Kust van Cormandel En Ceylon.",,,,,,FALSE,
Azhikod (Ay Cotta|Azhikode|Aicotta|Aicotte),GLOB_508,Aeicotte,"NL-HaNA_4.VEL_231 Kaart van Canara en Marabaar, van Onor tot Cabo Commoryn, en een gedeelte van de Kust van Cormandel en Ceylon",,,,,,FALSE,
Talecare (),NR_60,Talankarre,NL-HaNA_4.VEL_882.2 Particuliere Kaart van Een Gedeelte Der Kuste Malabaar of de Strekking Der Riviere van Chettua Tot Coijlang. 882.2 Blad 2.,,,,,,FALSE,
Thengapattanam (Tengapattanam|Tengapatnam|Tegenepatnam|Tengapatam),GLOB_920,Tengenepatnam,"NL-HaNA_4.VEL_231 Kaart van Canara en Marabaar, van Onor tot Cabo Commoryn, en een gedeelte van de Kust van Cormandel en Ceylon",,,,,,FALSE,
"Kanniyākumāri (Caab Commorijn|Caab Commerijn|Caab Kommorijn|Caeb Commorijn|Caap Commerijn|Kaap Comorijn|Kanyakumari |Cape Comorin|Comorin, Kaap|Caab Commeryn|Caap Commaryn|Caab Commoryn)",GLOB_877,Cabo Commoryn,"NL-HaNA_4.VEL_231 Kaart van Canara En Marabaar, van Onor Tot Cabo Commoryn, En Een Gedeelte van de Kust van Cormandel En Ceylon.",,,,,,FALSE,
Chavakkad (Chavakkadu|Chawecattij|Cawacatty|Chowghat),GLOB_711,Chawacatij,"NL-HaNA_4.VEL_883 Particuliere Kaart van Een Gedeelte van de Mallabaar, of de Strekking de Riviers van Chettua Tot Coilang.",,,,,,FALSE,
Enamākkal (Enamakkal|Inemaka|Inemake|Innemaka),GLOB_326,Enamaka,"NL-HaNA_4.VEL_883 Particuliere Kaart van Een Gedeelte van de Mallabaar, of de Strekking de Riviers van Chettua Tot Coilang.",,,,,,FALSE,
Vadanappally (),NR_29,Maddenapallij,"NL-HaNA_4.VEL_883 Particuliere Kaart van Een Gedeelte van de Mallabaar, of de Strekking de Riviers van Chettua Tot Coilang.",,,,,,FALSE,
Talikkulam (),NR_30,Tallicolongare,"NL-HaNA_4.VEL_883 Particuliere Kaart van Een Gedeelte van de Mallabaar, of de Strekking de Riviers van Chettua Tot Coilang.",,,,,,FALSE,
Cherkara (),NR_32,Cherkare,"NL-HaNA_4.VEL_883 Particuliere Kaart van Een Gedeelte van de Mallabaar, of de Strekking de Riviers van Chettua Tot Coilang.",,,,,,FALSE,
Peringottukara (),NR_34,Parinotteri,"NL-HaNA_4.VEL_883 Particuliere Kaart van Een Gedeelte van de Mallabaar, of de Strekking de Riviers van Chettua Tot Coilang.",,,,,,FALSE,
Triprayar  (),NR_33,Triporati,"NL-HaNA_4.VEL_883 Particuliere Kaart van Een Gedeelte van de Mallabaar, of de Strekking de Riviers van Chettua Tot Coilang.",,,,,,FALSE,
Muttichur  (),NR_35,Moedicheere,"NL-HaNA_4.VEL_883 Particuliere Kaart van Een Gedeelte van de Mallabaar, of de Strekking de Riviers van Chettua Tot Coilang.",,,,,,FALSE,
Toyakkavu (),NR_36,Dooijkauw,"NL-HaNA_4.VEL_883 Particuliere Kaart van Een Gedeelte van de Mallabaar, of de Strekking de Riviers van Chettua Tot Coilang.",,,,,,FALSE,
Kumbalam (),NR_78,Combalan,"NL-HaNA_4.VEL_229 De Ware Afbeelding van de Lage Landen Der Kust Malabaar Enz., Beginnende Boven de Fortresse Crangapoor En Strekt Tot Verby de Fortresse Coylang Enz.",,,,,,FALSE,
Thanniyam (),NR_39,Tanie,"NL-HaNA_4.VEL_883 Particuliere Kaart van Een Gedeelte van de Mallabaar, of de Strekking de Riviers van Chettua Tot Coilang.",,,,,,FALSE,
Padiyam (),NR_38,Padiani,"NL-HaNA_4.VEL_883 Particuliere Kaart van Een Gedeelte van de Mallabaar, of de Strekking de Riviers van Chettua Tot Coilang.",,,,,,FALSE,
Ambanakulangara (),NR_93,Ollaiconlongerre,NL-HaNA_4.VEL_884 Particuliere Caart van Een Gedeelte van de Mallabaar of de Strekking Der Riviers van Chettua Tot Coylang.,,,,,,FALSE,
Palapetty (),NR_41,Palapetij,"NL-HaNA_4.VEL_883 Particuliere Kaart van Een Gedeelte van de Mallabaar, of de Strekking de Riviers van Chettua Tot Coilang.",,,,,,FALSE,
Chentrappinni (),NR_42,Chendrapony,"NL-HaNA_4.VEL_883 Particuliere Kaart van Een Gedeelte van de Mallabaar, of de Strekking de Riviers van Chettua Tot Coilang.",,,,,,FALSE,
Mathilakam (),NR_44,Madilagam,"NL-HaNA_4.VEL_883 Particuliere Kaart van Een Gedeelte van de Mallabaar, of de Strekking de Riviers van Chettua Tot Coilang.",,,,,,FALSE,
Edathirinji (),NR_43,Eddorinho,"NL-HaNA_4.VEL_883 Particuliere Kaart van Een Gedeelte van de Mallabaar, of de Strekking de Riviers van Chettua Tot Coilang.",,,,,,FALSE,
Kakkathiruthy (),NR_45,Cacatoertij,"NL-HaNA_4.VEL_883 Particuliere Kaart van Een Gedeelte van de Mallabaar, of de Strekking de Riviers van Chettua Tot Coilang.",,,,,,FALSE,
Moonupeedika (),NR_46,Drie Bokerons,"NL-HaNA_4.VEL_883 Particuliere Kaart van Een Gedeelte van de Mallabaar, of de Strekking de Riviers van Chettua Tot Coilang.",,"Based on the location of Drie Bokerons on the map, the creators of the dataset assume that it references the place Moonupeedika because Drie(three) in Malayalam is Moonu.",,,,FALSE,
Kattur (Thrissur) (),NR_95,Cattoer,"NL-HaNA_4.VEL_883 Particuliere Kaart van Een Gedeelte van de Mallabaar, of de Strekking de Riviers van Chettua Tot Coilang.",,,,,,FALSE,
Edattirutti (),NR_48,Eddatoertij,"NL-HaNA_4.VEL_883 Particuliere Kaart van Een Gedeelte van de Mallabaar, of de Strekking de Riviers van Chettua Tot Coilang.",,,,,,FALSE,
Perinjanam (),NR_49,Peringenam,"NL-HaNA_4.VEL_883 Particuliere Kaart van Een Gedeelte van de Mallabaar, of de Strekking de Riviers van Chettua Tot Coilang.",,,,,,FALSE,
Moothakunnam (),GLOB_910_911,Moetoecoenoe,"NL-HaNA_4.VEL_883 Particuliere Kaart van Een Gedeelte van de Mallabaar, of de Strekking de Riviers van Chettua Tot Coilang.",,,,,,FALSE,
Azhikod (Ay Cotta|Azhikode|Aicotta|Aicotte),GLOB_508,Aycotte,"NL-HaNA_4.VEL_883 Particuliere Kaart van Een Gedeelte van de Mallabaar, of de Strekking de Riviers van Chettua Tot Coilang.",,,,,,FALSE,
Chakkarakadavu (),NR_65,Chacaracaddo,"NL-HaNA_4.VEL_883 Particuliere Kaart van Een Gedeelte van de Mallabaar, of de Strekking de Riviers van Chettua Tot Coilang.",,,,,,FALSE,
Manapally (Vypin) (),NR_63,Manapalij,"NL-HaNA_4.VEL_883 Particuliere Kaart van Een Gedeelte van de Mallabaar, of de Strekking de Riviers van Chettua Tot Coilang.",,,,,,FALSE,
Vypin (Baijpin|Baipin|Baypin|Vaipin|Vypeen|Waipin),GLOB_10,Baypen,"NL-HaNA_4.VEL_883 Particuliere Kaart van Een Gedeelte van de Mallabaar, of de Strekking de Riviers van Chettua Tot Coilang.",,,,,,FALSE,
Ochanthuruth (),NR_72,Dieven Eyland K: v: C.,NL-HaNA_4.VEL_882.2 Particuliere Kaart van Een Gedeelte Der Kuste Malabaar of de Strekking Der Riviere van Chettua Tot Coijlang. 882.2 Blad 2.,,,,,,FALSE,
Elamkunnapuzha (),NR_70,Ellengonape,"NL-HaNA_4.VEL_883 Particuliere Kaart van Een Gedeelte van de Mallabaar, of de Strekking de Riviers van Chettua Tot Coilang.",,,,,,FALSE,
Varapuzha (),NR_71,Warapel,"NL-HaNA_4.VEL_883 Particuliere Kaart van Een Gedeelte van de Mallabaar, of de Strekking de Riviers van Chettua Tot Coilang.",,,,,,FALSE,
Ochanthuruth (),NR_72,Otjendoerty,"NL-HaNA_4.VEL_883 Particuliere Kaart van Een Gedeelte van de Mallabaar, of de Strekking de Riviers van Chettua Tot Coilang.",,,,,,FALSE,
Bolgatty (),NR_73,Balgatty,"NL-HaNA_4.VEL_883 Particuliere Kaart van Een Gedeelte van de Mallabaar, of de Strekking de Riviers van Chettua Tot Coilang.",,,,,,FALSE,
Bendoerti (Vandurutti|Bendoertij),GLOB_482,t Eyl: Pentoerdi,NL-HaNA_4.VEL_882.2 Particuliere Kaart van Een Gedeelte Der Kuste Malabaar of de Strekking Der Riviere van Chettua Tot Coijlang. 882.2 Blad 2.,,,,,,FALSE,
Mattancherry (),NR_68,Mattanchery ,"NL-HaNA_4.VEL_883 Particuliere Kaart van Een Gedeelte van de Mallabaar, of de Strekking de Riviers van Chettua Tot Coilang.",,,,,,FALSE,
Bendoerti (Vandurutti|Bendoertij),GLOB_482,Bendoerty ,"NL-HaNA_4.VEL_883 Particuliere Kaart van Een Gedeelte van de Mallabaar, of de Strekking de Riviers van Chettua Tot Coilang.",,,,,,FALSE,
Kumbalam (),NR_78,Combelon,"NL-HaNA_4.VEL_883 Particuliere Kaart van Een Gedeelte van de Mallabaar, of de Strekking de Riviers van Chettua Tot Coilang.",,,,,,FALSE,
Aroor (),NR_79,T Land van Aijroer,"NL-HaNA_4.VEL_883 Particuliere Kaart van Een Gedeelte van de Mallabaar, of de Strekking de Riviers van Chettua Tot Coilang.",,,,,,FALSE,
Pallipuram (),NR_18 ,Paliporam,"NL-HaNA_4.VEL_883 Particuliere Kaart van Een Gedeelte van de Mallabaar, of de Strekking de Riviers van Chettua Tot Coilang.",,,,,,FALSE,
Pirakkād (Porca|Porcaj|Porcka|Porka|Purakkad|Purakkat|Purrakad|Porcad),GLOB_200,Parca,"NL-HaNA_4.VEL_883 Particuliere Kaart van Een Gedeelte van de Mallabaar, of de Strekking de Riviers van Chettua Tot Coilang.",,,,,,FALSE,
Thekkumkur (Teckencoer|Teckenkoer|Tekkenkoer|Tekkumkur|Tekkenkur),GLOB_427,Teckencoor,"NL-HaNA_4.VEL_883 Particuliere Kaart van Een Gedeelte van de Mallabaar, of de Strekking de Riviers van Chettua Tot Coilang.",,,,,,FALSE,
Anandeswaram (),NR_103,Anaseram,"NL-HaNA_4.VEL_883 Particuliere Kaart van Een Gedeelte van de Mallabaar, of de Strekking de Riviers van Chettua Tot Coilang.",,,,,,FALSE,
Aywika (Azhi Mukam),GLOB_528,Aywika,"NL-HaNA_4.VEL_883 Particuliere Kaart van Een Gedeelte van de Mallabaar, of de Strekking de Riviers van Chettua Tot Coilang.",,,,,,FALSE,
Alappadu (),NR_112,Alipare,"NL-HaNA_4.VEL_883 Particuliere Kaart van Een Gedeelte van de Mallabaar, of de Strekking de Riviers van Chettua Tot Coilang.",,,,,,FALSE,
Alappadu (),NR_112,Alipaare,NL-HaNA_4.VEL_884 Particuliere Caart van Een Gedeelte van de Mallabaar of de Strekking Der Riviers van Chettua Tot Coylang.,,,,,,FALSE,
Aywika (Azhi Mukam),GLOB_528,Aywike ,"NL-HaNA_4.VEL_883 Particuliere Kaart van Een Gedeelte van de Mallabaar, of de Strekking de Riviers van Chettua Tot Coilang.",,,,,,FALSE,
Aroor (),NR_79,'t Land Airouw,NL-HaNA_4.VEL_882.1 Particuliere Kaart van Een Gedeelte Der Kuste Malabaar of de Strekking Der Riviere van Chettua Tot Coijlang. 882.1 Blad 1.,,,,,,FALSE,
Manicoorde (Manakkodam|Manicorda|Manicorde|Manikorda),GLOB_394,Manikoorde,NL-HaNA_4.VEL_882.1 Particuliere Kaart van Een Gedeelte Der Kuste Malabaar of de Strekking Der Riviere van Chettua Tot Coijlang. 882.1 Blad 1.,,,,,,FALSE,
Oetoewejoe (),NR_81,Oetoenoejoe,"NL-HaNA_4.VEL_883 Particuliere Kaart van Een Gedeelte van de Mallabaar, of de Strekking de Riviers van Chettua Tot Coilang.",,,,,,FALSE,
Pukkod (),NR_195,Pocotte,"NL-HaNA_4.VEL_883 Particuliere Kaart van Een Gedeelte van de Mallabaar, of de Strekking de Riviers van Chettua Tot Coilang.",,,,,,FALSE,
Oetoewejoe (Island) (),NR_81_GEO_1,Oetoenoejoe,"NL-HaNA_4.VEL_883 Particuliere Kaart van Een Gedeelte van de Mallabaar, of de Strekking de Riviers van Chettua Tot Coilang.",,,,,,FALSE,
Vaikam (),NR_87,Waikom,NL-HaNA_4.VEL_882.1 Particuliere Kaart van Een Gedeelte Der Kuste Malabaar of de Strekking Der Riviere van Chettua Tot Coijlang. 882.1 Blad 1.,,,,,,FALSE,
Kadakkarappally (),NR_88,Kerkerpalij,"NL-HaNA_4.VEL_883 Particuliere Kaart van Een Gedeelte van de Mallabaar, of de Strekking de Riviers van Chettua Tot Coilang.",,,,,,FALSE,
Kattur (Alappuzha) (),NR_47,Katoer,NL-HaNA_4.VEL_882.1 Particuliere Kaart van Een Gedeelte Der Kuste Malabaar of de Strekking Der Riviere van Chettua Tot Coijlang. 882.1 Blad 1.,,,,,,FALSE,
Pallathuruthy (),NR_97,Palaartoerdi,NL-HaNA_4.VEL_882.1 Particuliere Kaart van Een Gedeelte Der Kuste Malabaar of de Strekking Der Riviere van Chettua Tot Coijlang. 882.1 Blad 1.,,,,,,FALSE,
Pallathuruthy (),NR_97,Palaardoerdi,NL-HaNA_4.VEL_882.1 Particuliere Kaart van Een Gedeelte Der Kuste Malabaar of de Strekking Der Riviere van Chettua Tot Coijlang. 882.1 Blad 1.,,,,,,FALSE,
Thumpoly  (),NR_96,Toemboell,NL-HaNA_4.VEL_882.1 Particuliere Kaart van Een Gedeelte Der Kuste Malabaar of de Strekking Der Riviere van Chettua Tot Coijlang. 882.1 Blad 1.,,,,,,FALSE,
Ambalapuzha (),NR_101,Ambeleppe ,NL-HaNA_4.VEL_882.1 Particuliere Kaart van Een Gedeelte Der Kuste Malabaar of de Strekking Der Riviere van Chettua Tot Coijlang. 882.1 Blad 1.,,,,,,FALSE,
Karumady (),NR_141,Caromartie,NL-HaNA_4.VEL_882.1 Particuliere Kaart van Een Gedeelte Der Kuste Malabaar of de Strekking Der Riviere van Chettua Tot Coijlang. 882.1 Blad 1.,,,,,,FALSE,
Kallickad (),NR_147,Calliakatte,NL-HaNA_4.VEL_882.1 Particuliere Kaart van Een Gedeelte Der Kuste Malabaar of de Strekking Der Riviere van Chettua Tot Coijlang. 882.1 Blad 1.,,,,,,FALSE,
Anjeepare (),NR_107,Antjepanne,NL-HaNA_4.VEL_882.1 Particuliere Kaart van Een Gedeelte Der Kuste Malabaar of de Strekking Der Riviere van Chettua Tot Coijlang. 882.1 Blad 1.,,,,,,FALSE,
Thumpoly (Church) (),NR_96_HUM_1,Kerk Toemboel,"NL-HaNA_4.VEL_883 Particuliere Kaart van Een Gedeelte van de Mallabaar, of de Strekking de Riviers van Chettua Tot Coilang.",,,,,,FALSE,
Anjeepare (),NR_107,Anjiepanne,NL-HaNA_4.VEL_882.1 Particuliere Kaart van Een Gedeelte Der Kuste Malabaar of de Strekking Der Riviere van Chettua Tot Coijlang. 882.1 Blad 1.,,,,,,FALSE,
Aywika (Azhi Mukam),GLOB_528,Aijwike ,NL-HaNA_4.VEL_882.1 Particuliere Kaart van Een Gedeelte Der Kuste Malabaar of de Strekking Der Riviere van Chettua Tot Coijlang. 882.1 Blad 1.,,,,,,FALSE,
Aywika (Azhi Mukam),GLOB_528,Aywike ,NL-HaNA_4.VEL_882.1 Particuliere Kaart van Een Gedeelte Der Kuste Malabaar of de Strekking Der Riviere van Chettua Tot Coijlang. 882.1 Blad 1.,,,,,,FALSE,
Parejekapadoe (),NR_111,Parejekaddapoeda,NL-HaNA_4.VEL_882.1 Particuliere Kaart van Een Gedeelte Der Kuste Malabaar of de Strekking Der Riviere van Chettua Tot Coijlang. 882.1 Blad 1.,,,,,,FALSE,
Vechoor (),NR_98,T Land Pajjour,NL-HaNA_4.VEL_884 Particuliere Caart van Een Gedeelte van de Mallabaar of de Strekking Der Riviers van Chettua Tot Coylang.,,,,,,FALSE,
Signatty (),GLOB2_1582,Signatti,NL-HaNA_4.VEL_882.1 Particuliere Kaart van Een Gedeelte Der Kuste Malabaar of de Strekking Der Riviere van Chettua Tot Coijlang. 882.1 Blad 1.,,,,,,FALSE,
Tennepatnam  (),NR_2,Tenepatnam,"NL-HaNA_4.MIKO_W23 Kaart van Ceylon, de Zuidkust van India (Mallabar En Cormandel) En de Maldiven.",,,,,,FALSE,
Balussery (),NR_3,Balasera,"NL-HaNA_4.MIKO_W23 Kaart van Ceylon, de Zuidkust van India (Mallabar En Cormandel) En de Maldiven.",,,,,,FALSE,
Kozhikode (Calicata|Calecuth|Calij Catta|Calicatto|Calicut|Calechut|Caliacatta),GLOB2_1010,Calikut,"NL-HaNA_4.MIKO_W23 Kaart van Ceylon, de Zuidkust van India (Mallabar En Cormandel) En de Maldiven.",,,,,,FALSE,
Vechoor (),NR_98,t Land Pitjour,NL-HaNA_4.VEL_882.1 Particuliere Kaart van Een Gedeelte Der Kuste Malabaar of de Strekking Der Riviere van Chettua Tot Coijlang. 882.1 Blad 1.,,,,,,FALSE,
Azhikod (Ay Cotta|Azhikode|Aicotta|Aicotte),GLOB_508,Aeicotte,"NL-HaNA_4.VEL_231 Kaart van Canara En Marabaar, van Onor Tot Cabo Commoryn, En Een Gedeelte van de Kust van Cormandel En Ceylon.",,,,,,FALSE,
Vadanappally (),NR_29,Madanapallij,NL-HaNA_4.VEL_882.2 Particuliere Kaart van Een Gedeelte Der Kuste Malabaar of de Strekking Der Riviere van Chettua Tot Coijlang. 882.2 Blad 2.,,,,,,FALSE,
Toyakkavu (),NR_36,Dooykouw,NL-HaNA_4.VEL_882.2 Particuliere Kaart van Een Gedeelte Der Kuste Malabaar of de Strekking Der Riviere van Chettua Tot Coijlang. 882.2 Blad 2.,,,,,,FALSE,
Talikkulam (),NR_30,Tallicollongari,NL-HaNA_4.VEL_882.2 Particuliere Kaart van Een Gedeelte Der Kuste Malabaar of de Strekking Der Riviere van Chettua Tot Coijlang. 882.2 Blad 2.,,,,,,FALSE,
Padiyam (),NR_38,Padiam,NL-HaNA_4.VEL_882.2 Particuliere Kaart van Een Gedeelte Der Kuste Malabaar of de Strekking Der Riviere van Chettua Tot Coijlang. 882.2 Blad 2.,,,,,,FALSE,
Muttichur  (),NR_35,Moeditjoere,NL-HaNA_4.VEL_882.2 Particuliere Kaart van Een Gedeelte Der Kuste Malabaar of de Strekking Der Riviere van Chettua Tot Coijlang. 882.2 Blad 2.,,,,,,FALSE,
Triprayar  (),NR_33,Triperati,NL-HaNA_4.VEL_882.2 Particuliere Kaart van Een Gedeelte Der Kuste Malabaar of de Strekking Der Riviere van Chettua Tot Coijlang. 882.2 Blad 2.,,,,,,FALSE,
Pattanakkad (),NR_131,Pottiparam,"NL-HaNA_4.VEL_883 Particuliere Kaart van Een Gedeelte van de Mallabaar, of de Strekking de Riviers van Chettua Tot Coilang.",,,,,,FALSE,
Peringottukara (),NR_34,Parinottere,NL-HaNA_4.VEL_882.2 Particuliere Kaart van Een Gedeelte Der Kuste Malabaar of de Strekking Der Riviere van Chettua Tot Coijlang. 882.2 Blad 2.,,,,,,FALSE,
Moonupeedika (),NR_46,de driepoecorons,NL-HaNA_4.VEL_882.2 Particuliere Kaart van Een Gedeelte Der Kuste Malabaar of de Strekking Der Riviere van Chettua Tot Coijlang. 882.2 Blad 2.,,"Based on the location of 'de drie poecorons' on the map, the creators of the dataset assume that it references the place Moonupeedika because Drie(three) in Malayalam is Moonu.",,,,FALSE,
Edattirutti (),NR_48,Ertoertie,NL-HaNA_4.VEL_882.2 Particuliere Kaart van Een Gedeelte Der Kuste Malabaar of de Strekking Der Riviere van Chettua Tot Coijlang. 882.2 Blad 2.,,,,,,FALSE,
Chentrappinni (),NR_42,Chenderapoeni,NL-HaNA_4.VEL_882.2 Particuliere Kaart van Een Gedeelte Der Kuste Malabaar of de Strekking Der Riviere van Chettua Tot Coijlang. 882.2 Blad 2.,,,,,,FALSE,
Kattur (Thrissur) (),NR_95,Catoer,NL-HaNA_4.VEL_882.2 Particuliere Kaart van Een Gedeelte Der Kuste Malabaar of de Strekking Der Riviere van Chettua Tot Coijlang. 882.2 Blad 2.,,,,,,FALSE,
Edathirinji (),NR_43,Edoerinhi,NL-HaNA_4.VEL_882.2 Particuliere Kaart van Een Gedeelte Der Kuste Malabaar of de Strekking Der Riviere van Chettua Tot Coijlang. 882.2 Blad 2.,,,,,,FALSE,
Kakkathiruthy (),NR_45,Cacatoerdi,NL-HaNA_4.VEL_882.2 Particuliere Kaart van Een Gedeelte Der Kuste Malabaar of de Strekking Der Riviere van Chettua Tot Coijlang. 882.2 Blad 2.,,,,,,FALSE,
Perinjanam (),NR_49,Peringanum,NL-HaNA_4.VEL_882.2 Particuliere Kaart van Een Gedeelte Der Kuste Malabaar of de Strekking Der Riviere van Chettua Tot Coijlang. 882.2 Blad 2.,,,,,,FALSE,
T Eijland Natoederetoe (),NR_50,t Eyland Natoetoeroedoe ,NL-HaNA_4.VEL_882.2 Particuliere Kaart van Een Gedeelte Der Kuste Malabaar of de Strekking Der Riviere van Chettua Tot Coijlang. 882.2 Blad 2.,,,,,,FALSE,
Kodungallur (Cranganoor|Cranganor|Cranganur|Crangenoor|Crangenor|Cranganore),GLOB_43,Kranganoor,NL-HaNA_4.VEL_882.2 Particuliere Kaart van Een Gedeelte Der Kuste Malabaar of de Strekking Der Riviere van Chettua Tot Coijlang. 882.2 Blad 2.,,,,,,FALSE,
Eijland Pariniatoetoertoe (),NR_51,'t Eyl. Pariniatoetoerdoe,NL-HaNA_4.VEL_882.2 Particuliere Kaart van Een Gedeelte Der Kuste Malabaar of de Strekking Der Riviere van Chettua Tot Coijlang. 882.2 Blad 2.,,,,,,FALSE,
Aroor (),NR_79,Landen van Airouw,NL-HaNA_4.VEL_882.2 Particuliere Kaart van Een Gedeelte Der Kuste Malabaar of de Strekking Der Riviere van Chettua Tot Coijlang. 882.2 Blad 2.,,,,,,FALSE,
Azhikod (Ay Cotta|Azhikode|Aicotta|Aicotte),GLOB_508,Aykotta,NL-HaNA_4.VEL_882.2 Particuliere Kaart van Een Gedeelte Der Kuste Malabaar of de Strekking Der Riviere van Chettua Tot Coijlang. 882.2 Blad 2.,,,,,,FALSE,
Aroor (),NR_79,T Ryk van Ayroer,"NL-HaNA_4.VEL_883 Particuliere Kaart van Een Gedeelte van de Mallabaar, of de Strekking de Riviers van Chettua Tot Coilang.",,,,,,FALSE,
Paravur (Paroe|Paru|Parur),GLOB_385,Paroe ,NL-HaNA_4.VEL_882.2 Particuliere Kaart van Een Gedeelte Der Kuste Malabaar of de Strekking Der Riviere van Chettua Tot Coijlang. 882.2 Blad 2.,,,,,,FALSE,
Mangatty (Mangattij|Alangadu|Mangattijl),GLOB_277,Mangatty,NL-HaNA_4.VEL_882.2 Particuliere Kaart van Een Gedeelte Der Kuste Malabaar of de Strekking Der Riviere van Chettua Tot Coijlang. 882.2 Blad 2.,,,,,,FALSE,
Elamkunnapuzha (),NR_70,Ellegoenapaye ,NL-HaNA_4.VEL_882.2 Particuliere Kaart van Een Gedeelte Der Kuste Malabaar of de Strekking Der Riviere van Chettua Tot Coijlang. 882.2 Blad 2.,,,,,,FALSE,
Mangalore (Mangalor|Mangalur),GLOB2_1528,Mangeloor,"NL-HaNA_4.MIKO_W37 Kaart van de Zuidkust van India, van Goa Aan de Westzijde Tot Aan de Rivier Samgam Aan de Oostzijde.",,,,,,FALSE,
Manjeshwaram (),NR_228,Meserom,"NL-HaNA_4.MIKO_W37 Kaart van de Zuidkust van India, van Goa Aan de Westzijde Tot Aan de Rivier Samgam Aan de Oostzijde.",,,,,,FALSE,
Munderi (),NR_11,Mandie,"NL-HaNA_4.MIKO_W37 Kaart van de Zuidkust van India, van Goa Aan de Westzijde Tot Aan de Rivier Samgam Aan de Oostzijde.",,,,,,FALSE,
Kannapuram (),NR_12,Canaple,"NL-HaNA_4.MIKO_W37 Kaart van de Zuidkust van India, van Goa Aan de Westzijde Tot Aan de Rivier Samgam Aan de Oostzijde.",,,,,,FALSE,
Balussery (),NR_3,Ballaseere,"NL-HaNA_4.MIKO_W37 Kaart van de Zuidkust van India, van Goa Aan de Westzijde Tot Aan de Rivier Samgam Aan de Oostzijde.",,,,,,FALSE,
Poonoor (),NR_4,Ponol,"NL-HaNA_4.MIKO_W37 Kaart van de Zuidkust van India, van Goa Aan de Westzijde Tot Aan de Rivier Samgam Aan de Oostzijde.",,,,,,FALSE,
Vanneri (),NR_14,Vermenij,"NL-HaNA_4.MIKO_W37 Kaart van de Zuidkust van India, van Goa Aan de Westzijde Tot Aan de Rivier Samgam Aan de Oostzijde.",,,,,,FALSE,
Chettikkad (),NR_16,Chatta,"NL-HaNA_4.MIKO_W37 Kaart van de Zuidkust van India, van Goa Aan de Westzijde Tot Aan de Rivier Samgam Aan de Oostzijde.",,,,,,FALSE,
Kovalam (),NR_28,Covaer,"NL-HaNA_4.VEL_231 Kaart van Canara En Marabaar, van Onor Tot Cabo Commoryn, En Een Gedeelte van de Kust van Cormandel En Ceylon.",,,,,,FALSE,
Poelicarro (Pollicarro),GLOB_670,Poelicaro,"NL-HaNA_4.VEL_883 Particuliere Kaart van Een Gedeelte van de Mallabaar, of de Strekking de Riviers van Chettua Tot Coilang.",,,,,,FALSE,
Vaduthala (),NR_221,Bardella,NL-HaNA_4.VEL_882.1 Particuliere Kaart van Een Gedeelte Der Kuste Malabaar of de Strekking Der Riviere van Chettua Tot Coijlang. 882.1 Blad 1.,,,,,,FALSE,
Kodamthuruth (),NR_130,Canatoerty,"NL-HaNA_4.VEL_883 Particuliere Kaart van Een Gedeelte van de Mallabaar, of de Strekking de Riviers van Chettua Tot Coilang.",,,,,,FALSE,
Manappally (Kollam) (),NR_27,Manpulim,NL-HaNA_4.VEL_881 De Kusten van Malabar En Koromandel 881.,,,,,,FALSE,
Thaliyaparambu (),NR_126,"Toeliedoeni,Pagoda",NL-HaNA_4.VEL_882.1 Particuliere Kaart van Een Gedeelte Der Kuste Malabaar of de Strekking Der Riviere van Chettua Tot Coijlang. 882.1 Blad 1.,,,,,,FALSE,
Thycattussery (),NR_128,Daicatitjeri,NL-HaNA_4.VEL_882.1 Particuliere Kaart van Een Gedeelte Der Kuste Malabaar of de Strekking Der Riviere van Chettua Tot Coijlang. 882.1 Blad 1.,,,,,,FALSE,
Pallipuram (),NR_18 ,Paliaparan,NL-HaNA_4.VEL_882.1 Particuliere Kaart van Een Gedeelte Der Kuste Malabaar of de Strekking Der Riviere van Chettua Tot Coijlang. 882.1 Blad 1.,,,,,,FALSE,
Kodamthuruth (),NR_130,Conatoerdi,NL-HaNA_4.VEL_882.1 Particuliere Kaart van Een Gedeelte Der Kuste Malabaar of de Strekking Der Riviere van Chettua Tot Coijlang. 882.1 Blad 1.,,,,,,FALSE,
Pallipuram (),NR_18 ,Paliaparon,NL-HaNA_4.VEL_882.1 Particuliere Kaart van Een Gedeelte Der Kuste Malabaar of de Strekking Der Riviere van Chettua Tot Coijlang. 882.1 Blad 1.,,,,,,FALSE,
Varanad (),NR_135,Paronati,NL-HaNA_4.VEL_882.1 Particuliere Kaart van Een Gedeelte Der Kuste Malabaar of de Strekking Der Riviere van Chettua Tot Coijlang. 882.1 Blad 1.,,,,,,FALSE,
Kadakkarappally (),NR_88,Kerkerpalli,NL-HaNA_4.VEL_882.1 Particuliere Kaart van Een Gedeelte Der Kuste Malabaar of de Strekking Der Riviere van Chettua Tot Coijlang. 882.1 Blad 1.,,,,,,FALSE,
Turavur (),NR_127,Torouw,NL-HaNA_4.VEL_882.1 Particuliere Kaart van Een Gedeelte Der Kuste Malabaar of de Strekking Der Riviere van Chettua Tot Coijlang. 882.1 Blad 1.,,,,,,FALSE,
Cherthala (),NR_133,Kerdele,NL-HaNA_4.VEL_882.1 Particuliere Kaart van Een Gedeelte Der Kuste Malabaar of de Strekking Der Riviere van Chettua Tot Coijlang. 882.1 Blad 1.,,,,,,FALSE,
Manappally (Kollam) (),NR_27,Manipoely,"NL-HaNA_4.VEL_231 Kaart van Canara En Marabaar, van Onor Tot Cabo Commoryn, En Een Gedeelte van de Kust van Cormandel En Ceylon.",,,,,,FALSE,
Kannamkulangara (),NR_54,Caniencolangare,"NL-HaNA_4.VEL_883 Particuliere Kaart van Een Gedeelte van de Mallabaar, of de Strekking de Riviers van Chettua Tot Coilang.",,,,,,FALSE,
"Thruppekkulam, Temple ()",NR_55,Pagood Tiroepekolon,"NL-HaNA_4.VEL_883 Particuliere Kaart van Een Gedeelte van de Mallabaar, of de Strekking de Riviers van Chettua Tot Coilang.",,,,,,FALSE,
Koratti (Corettij|Corretij|Coerettij|Coretty|Corretty|Coerti|Coerty),GLOB_548,Coertie,"NL-HaNA_4.VEL_883 Particuliere Kaart van Een Gedeelte van de Mallabaar, of de Strekking de Riviers van Chettua Tot Coilang.",,,,,,FALSE,
Pullut  (),NR_58,Pouloetoe,"NL-HaNA_4.VEL_883 Particuliere Kaart van Een Gedeelte van de Mallabaar, of de Strekking de Riviers van Chettua Tot Coilang.",,,,,,FALSE,
Mannuthy (),NR_59,Mandoertij,"NL-HaNA_4.VEL_883 Particuliere Kaart van Een Gedeelte van de Mallabaar, of de Strekking de Riviers van Chettua Tot Coilang.",,,,,,FALSE,
Varapuzha (church) (),NR_71_HUM_1,Warapel,"NL-HaNA_4.VEL_883 Particuliere Kaart van Een Gedeelte van de Mallabaar, of de Strekking de Riviers van Chettua Tot Coilang.",,,,,,FALSE,
Chathanad (),NR_67,Chatanaty,"NL-HaNA_4.VEL_883 Particuliere Kaart van Een Gedeelte van de Mallabaar, of de Strekking de Riviers van Chettua Tot Coilang.",,,,,,FALSE,
Kundannoor (),NR_85,Canddanallij,"NL-HaNA_4.VEL_883 Particuliere Kaart van Een Gedeelte van de Mallabaar, of de Strekking de Riviers van Chettua Tot Coilang.",,,,,,FALSE,
Ambanakulangara (),NR_93,Ollankollangare,"NL-HaNA_4.VEL_883 Particuliere Kaart van Een Gedeelte van de Mallabaar, of de Strekking de Riviers van Chettua Tot Coilang.",,,,,,FALSE,
Thumpoly  (),NR_96,Toemboel,"NL-HaNA_4.VEL_883 Particuliere Kaart van Een Gedeelte van de Mallabaar, of de Strekking de Riviers van Chettua Tot Coilang.",,,,,,FALSE,
Pallathuruthy (),NR_97,Palartoertij,"NL-HaNA_4.VEL_883 Particuliere Kaart van Een Gedeelte van de Mallabaar, of de Strekking de Riviers van Chettua Tot Coilang.",,,,,,FALSE,
Vechoor (),NR_98,T' Land Bitjoer,"NL-HaNA_4.VEL_883 Particuliere Kaart van Een Gedeelte van de Mallabaar, of de Strekking de Riviers van Chettua Tot Coilang.",,,,,,FALSE,
Kattur (Church) (),NR_47_HUM_1,Kerk Katoer,"NL-HaNA_4.VEL_883 Particuliere Kaart van Een Gedeelte van de Mallabaar, of de Strekking de Riviers van Chettua Tot Coilang.",,,,,,FALSE,
Punnapra (),NR_100,Poenjapare,"NL-HaNA_4.VEL_883 Particuliere Kaart van Een Gedeelte van de Mallabaar, of de Strekking de Riviers van Chettua Tot Coilang.",,,,,,FALSE,
Ambalapuzha (),NR_101,Ambelepe,"NL-HaNA_4.VEL_883 Particuliere Kaart van Een Gedeelte van de Mallabaar, of de Strekking de Riviers van Chettua Tot Coilang.",,,,,,FALSE,
Pallana (),NR_104,Palloenai,"NL-HaNA_4.VEL_883 Particuliere Kaart van Een Gedeelte van de Mallabaar, of de Strekking de Riviers van Chettua Tot Coilang.",,,,,,FALSE,
Thrikkunnapuzha (),NR_84,Trikenapallij,"NL-HaNA_4.VEL_883 Particuliere Kaart van Een Gedeelte van de Mallabaar, of de Strekking de Riviers van Chettua Tot Coilang.",,,,,,FALSE,
Tanairemoekan (),NR_90,Tanairemouka,"NL-HaNA_4.VEL_883 Particuliere Kaart van Een Gedeelte van de Mallabaar, of de Strekking de Riviers van Chettua Tot Coilang.",,,,,,FALSE,
Clappana (),NR_110,Klapene,"NL-HaNA_4.VEL_883 Particuliere Kaart van Een Gedeelte van de Mallabaar, of de Strekking de Riviers van Chettua Tot Coilang.",,,,,,FALSE,
Pandarathuruthu (Panderatourte|Panderaturty|Peza|Pesa|Pesse),GLOB_386,Pantartoertij,"NL-HaNA_4.VEL_883 Particuliere Kaart van Een Gedeelte van de Mallabaar, of de Strekking de Riviers van Chettua Tot Coilang.",,,,,,FALSE,
Kuzhuppilly (),NR_66,Coesipallij,"NL-HaNA_4.VEL_883 Particuliere Kaart van Een Gedeelte van de Mallabaar, of de Strekking de Riviers van Chettua Tot Coilang.",,,,,,FALSE,
Parayakadavu (),NR_114,Paranagarapoera,"NL-HaNA_4.VEL_883 Particuliere Kaart van Een Gedeelte van de Mallabaar, of de Strekking de Riviers van Chettua Tot Coilang.",,,,,,FALSE,
karithura (),NR_118,CaratoratoertIJ,"NL-HaNA_4.VEL_883 Particuliere Kaart van Een Gedeelte van de Mallabaar, of de Strekking de Riviers van Chettua Tot Coilang.",,,,,,FALSE,
Dalavapuram (),NR_120,Talawapoere,"NL-HaNA_4.VEL_883 Particuliere Kaart van Een Gedeelte van de Mallabaar, of de Strekking de Riviers van Chettua Tot Coilang.",,,,,,FALSE,
Parippu (),NR_124,Periaepe,"NL-HaNA_4.VEL_883 Particuliere Kaart van Een Gedeelte van de Mallabaar, of de Strekking de Riviers van Chettua Tot Coilang.",,,,,,FALSE,
Aranmula (),NR_125,Aneboela,"NL-HaNA_4.VEL_883 Particuliere Kaart van Een Gedeelte van de Mallabaar, of de Strekking de Riviers van Chettua Tot Coilang.",,,,,,FALSE,
Madannada (),NR_119,Mamabadda,"NL-HaNA_4.VEL_883 Particuliere Kaart van Een Gedeelte van de Mallabaar, of de Strekking de Riviers van Chettua Tot Coilang.",,,,,,FALSE,
Pattanakkad (),NR_131,Poettengadoe,NL-HaNA_4.VEL_882.1 Particuliere Kaart van Een Gedeelte Der Kuste Malabaar of de Strekking Der Riviere van Chettua Tot Coijlang. 882.1 Blad 1.,,,,,,FALSE,
Karumady (),NR_141,Caremattie,NL-HaNA_4.VEL_882.1 Particuliere Kaart van Een Gedeelte Der Kuste Malabaar of de Strekking Der Riviere van Chettua Tot Coijlang. 882.1 Blad 1.,,,,,,FALSE,
Karumady (),NR_141,Caromartie,NL-HaNA_4.VEL_882.1 Particuliere Kaart van Een Gedeelte Der Kuste Malabaar of de Strekking Der Riviere van Chettua Tot Coijlang. 882.1 Blad 1.,,,,,,FALSE,
Thrikkunnapuzha (),NR_84,Tirikenapalli,NL-HaNA_4.VEL_882.1 Particuliere Kaart van Een Gedeelte Der Kuste Malabaar of de Strekking Der Riviere van Chettua Tot Coijlang. 882.1 Blad 1.,,,,,,FALSE,
Thrikkunnapuzha (),NR_84,Trikenapalli,NL-HaNA_4.VEL_882.1 Particuliere Kaart van Een Gedeelte Der Kuste Malabaar of de Strekking Der Riviere van Chettua Tot Coijlang. 882.1 Blad 1.,,,,,,FALSE,
Clappana (),NR_110,Klappene,NL-HaNA_4.VEL_882.1 Particuliere Kaart van Een Gedeelte Der Kuste Malabaar of de Strekking Der Riviere van Chettua Tot Coijlang. 882.1 Blad 1.,,,,,,FALSE,
Punnapra (),NR_100,Poenjeparon,NL-HaNA_4.VEL_884 Particuliere Caart van Een Gedeelte van de Mallabaar of de Strekking Der Riviers van Chettua Tot Coylang.,,,,,,FALSE,
Varapuzha (),NR_71,Warapolij,"NL-HaNA_4.VEL_229 De Ware Afbeelding van de Lage Landen Der Kust Malabaar Enz., Beginnende Boven de Fortresse Crangapoor En Strekt Tot Verby de Fortresse Coylang Enz.",,,,,,FALSE,
Chelari (),NR_222,Gangar,"NL-HaNA_4.MIKO_W37 Kaart van de Zuidkust van India, van Goa Aan de Westzijde Tot Aan de Rivier Samgam Aan de Oostzijde.",,,,,,FALSE,
,,,,,,,,,FALSE,
Pandarathuruthu (Panderatourte|Panderaturty|Peza|Pesa|Pesse),GLOB_386,Pantaartoerdi,NL-HaNA_4.VEL_882.1 Particuliere Kaart van Een Gedeelte Der Kuste Malabaar of de Strekking Der Riviere van Chettua Tot Coijlang. 882.1 Blad 1.,,,,,,FALSE,
Alappadu (),NR_112,Alipaar,NL-HaNA_4.VEL_882.1 Particuliere Kaart van Een Gedeelte Der Kuste Malabaar of de Strekking Der Riviere van Chettua Tot Coijlang. 882.1 Blad 1.,,,,,,FALSE,
Kuzhithura (),NR_113,Coypalla,NL-HaNA_4.VEL_882.1 Particuliere Kaart van Een Gedeelte Der Kuste Malabaar of de Strekking Der Riviere van Chettua Tot Coijlang. 882.1 Blad 1.,,,,,,FALSE,
Chadayamangalam  (),NR_137,Cheramangalam,"NL-HaNA_4.VEL_883 Particuliere Kaart van Een Gedeelte van de Mallabaar, of de Strekking de Riviers van Chettua Tot Coilang.",,,,,,FALSE,
Chadayamangalam  (),NR_137,Cherimagalam,NL-HaNA_4.VEL_882.1 Particuliere Kaart van Een Gedeelte Der Kuste Malabaar of de Strekking Der Riviere van Chettua Tot Coijlang. 882.1 Blad 1.,,,,,,FALSE,
Azhikkal (Baliapatam|Valarpattanam),GLOB_176,Ballipatan,"Johann Hübner (de Jonge), Algemeene geographie, of Beschryving des geheelen aardryks",211,,,,,FALSE,
Azhikkal (Baliapatam|Valarpattanam),GLOB_176,Baliepatan ,"Johann Hübner (de Jonge), Algemeene geographie, of Beschryving des geheelen aardryks",211,,,,,FALSE,
Ponmana (),NR_152,Poimana,NL-HaNA_4.VEL_882.1 Particuliere Kaart van Een Gedeelte Der Kuste Malabaar of de Strekking Der Riviere van Chettua Tot Coijlang. 882.1 Blad 1.,,,,,,FALSE,
Kovilthottam (),NR_153,Koidodde,NL-HaNA_4.VEL_882.1 Particuliere Kaart van Een Gedeelte Der Kuste Malabaar of de Strekking Der Riviere van Chettua Tot Coijlang. 882.1 Blad 1.,,,,,,FALSE,
Karithura (),NR_118,Caratoratoerdi,NL-HaNA_4.VEL_882.1 Particuliere Kaart van Een Gedeelte Der Kuste Malabaar of de Strekking Der Riviere van Chettua Tot Coijlang. 882.1 Blad 1.,,,,,,FALSE,
Kadamakudi (),NR_69,Groot Cadancode,"NL-HaNA_4.VEL_883 Particuliere Kaart van Een Gedeelte van de Mallabaar, of de Strekking de Riviers van Chettua Tot Coilang.",,,,,,FALSE,
Cheria Kadamakudi (),NR_80,Klein Cadancodie,"NL-HaNA_4.VEL_883 Particuliere Kaart van Een Gedeelte van de Mallabaar, of de Strekking de Riviers van Chettua Tot Coilang.",,,,,,FALSE,
Mayyanad (),NR_156,Maniabadda,NL-HaNA_4.VEL_882.1 Particuliere Kaart van een gedeelte der Kuste Malabaar of de strekking der riviere van Chettua tot Coijlang. 882.1 blad 1.,,,,,,FALSE,
Meenadu (),NR_157,Mongadoe,NL-HaNA_4.VEL_882.1 Particuliere Kaart van een gedeelte der Kuste Malabaar of de strekking der riviere van Chettua tot Coijlang. 882.1 blad 1.,,,,,,FALSE,
Paravur (),NR_161,Poerioepe,NL-HaNA_4.VEL_882.1 Particuliere Kaart van Een Gedeelte Der Kuste Malabaar of de Strekking Der Riviere van Chettua Tot Coijlang. 882.1 Blad 1.,,,,,,FALSE,
Parippally (),NR_162,Palederi,NL-HaNA_4.VEL_882.1 Particuliere Kaart van Een Gedeelte Der Kuste Malabaar of de Strekking Der Riviere van Chettua Tot Coijlang. 882.1 Blad 1.,,,,,,FALSE,
Munderi (),NR_11,Mandij,"NL-HaNA_4.MIKO_W23 Kaart van Ceylon, de Zuidkust van India (Mallabar En Cormandel) En de Maldiven.",,,,,,FALSE,
Munderi (),NR_11,Wandij,"NL-HaNA_4.MIKO_W23 Kaart van Ceylon, de Zuidkust van India (Mallabar En Cormandel) En de Maldiven.",,,,,,FALSE,
Poelicarro (Pollicarro),GLOB_670,Poelicado,NL-HaNA_4.VEL_882.2 Particuliere Kaart van Een Gedeelte Der Kuste Malabaar of de Strekking Der Riviere van Chettua Tot Coijlang. 882.2 Blad 2.,,,,,,FALSE,
Eyland Entjajoe (),NR_37,'t Eyland Entjantoore,NL-HaNA_4.VEL_882.2 Particuliere Kaart van Een Gedeelte Der Kuste Malabaar of de Strekking Der Riviere van Chettua Tot Coijlang. 882.2 Blad 2.,,,,,,FALSE,
Edamuttam (),NR_186,Edamoetong,NL-HaNA_4.VEL_882.2 Particuliere Kaart van Een Gedeelte Der Kuste Malabaar of de Strekking Der Riviere van Chettua Tot Coijlang. 882.2 Blad 2.,,,,,,FALSE,
Mathilakam (),NR_44,Madlegam,NL-HaNA_4.VEL_882.2 Particuliere Kaart van Een Gedeelte Der Kuste Malabaar of de Strekking Der Riviere van Chettua Tot Coijlang. 882.2 Blad 2.,,,,,,FALSE,
Thiruvanchikulam (temple) (),NR_200,Pagood Tirivanjancolam,NL-HaNA_4.VEL_882.2 Particuliere Kaart van Een Gedeelte Der Kuste Malabaar of de Strekking Der Riviere van Chettua Tot Coijlang. 882.2 Blad 2.,,,,,,FALSE,
Chavakkad (Chavakkadu|Chawecattij|Cawacatty|Chowghat),GLOB_711,Tjabakadde,NL-HaNA_4.VEL_882.2 Particuliere Kaart van Een Gedeelte Der Kuste Malabaar of de Strekking Der Riviere van Chettua Tot Coijlang. 882.2 Blad 2.,,,,,,FALSE,
Palapetty (),NR_41,Palaparre,NL-HaNA_4.VEL_882.2 Particuliere Kaart van Een Gedeelte Der Kuste Malabaar of de Strekking Der Riviere van Chettua Tot Coijlang. 882.2 Blad 2.,,,,,,FALSE,
Kaipamangalam (),NR_184,Gipoellekarre,NL-HaNA_4.VEL_882.2 Particuliere Kaart van Een Gedeelte Der Kuste Malabaar of de Strekking Der Riviere van Chettua Tot Coijlang. 882.2 Blad 2.,,,,,,FALSE,
Palinjeri (),NR_40,Palintjeri,NL-HaNA_4.VEL_882.2 Particuliere Kaart van Een Gedeelte Der Kuste Malabaar of de Strekking Der Riviere van Chettua Tot Coijlang. 882.2 Blad 2.,,,,,,FALSE,
Kodakara (),NR_190,Coddacherra,NL-HaNA_4.VEL_882.2 Particuliere Kaart van Een Gedeelte Der Kuste Malabaar of de Strekking Der Riviere van Chettua Tot Coijlang. 882.2 Blad 2.,,,,,,FALSE,
Kanimangalam (),NR_192,Caniamcolam,NL-HaNA_4.VEL_882.2 Particuliere Kaart van Een Gedeelte Der Kuste Malabaar of de Strekking Der Riviere van Chettua Tot Coijlang. 882.2 Blad 2.,,,,,,FALSE,
Pukkod (),NR_195,Poekotte,NL-HaNA_4.VEL_882.2 Particuliere Kaart van Een Gedeelte Der Kuste Malabaar of de Strekking Der Riviere van Chettua Tot Coijlang. 882.2 Blad 2.,,,,,,FALSE,
Anapuzha (),NR_201,Anapoera,NL-HaNA_4.VEL_882.2 Particuliere Kaart van Een Gedeelte Der Kuste Malabaar of de Strekking Der Riviere van Chettua Tot Coijlang. 882.2 Blad 2.,,,,,,FALSE,
Moothakunnam (),GLOB_910_911,Moettoekoene,NL-HaNA_4.VEL_882.2 Particuliere Kaart van Een Gedeelte Der Kuste Malabaar of de Strekking Der Riviere van Chettua Tot Coijlang. 882.2 Blad 2.,,,,,,FALSE,
Pullut  (),NR_58,Poulott,NL-HaNA_4.VEL_882.2 Particuliere Kaart van Een Gedeelte Der Kuste Malabaar of de Strekking Der Riviere van Chettua Tot Coijlang. 882.2 Blad 2.,,,,,,FALSE,
Mannuthy (),NR_59,Mandoerdi,NL-HaNA_4.VEL_882.2 Particuliere Kaart van Een Gedeelte Der Kuste Malabaar of de Strekking Der Riviere van Chettua Tot Coijlang. 882.2 Blad 2.,,,,,,FALSE,
Vettukad (),NR_197,Vettutman,NL-HaNA_4.VEL_882.2 Particuliere Kaart van Een Gedeelte Der Kuste Malabaar of de Strekking Der Riviere van Chettua Tot Coijlang. 882.2 Blad 2.,,,,,,FALSE,
Puthukkad (),NR_194,Poettengadong,NL-HaNA_4.VEL_882.2 Particuliere Kaart van Een Gedeelte Der Kuste Malabaar of de Strekking Der Riviere van Chettua Tot Coijlang. 882.2 Blad 2.,,,,,,FALSE,
Palissery (),NR_204,Palietter,NL-HaNA_4.VEL_882.2 Particuliere Kaart van Een Gedeelte Der Kuste Malabaar of de Strekking Der Riviere van Chettua Tot Coijlang. 882.2 Blad 2.,,,,,,FALSE,
Thekkinkadu (),NR_188,Tjenkado,NL-HaNA_4.VEL_882.2 Particuliere Kaart van Een Gedeelte Der Kuste Malabaar of de Strekking Der Riviere van Chettua Tot Coijlang. 882.2 Blad 2.,,,,,,FALSE,
Chettikkad (),NR_16,Dedecadoe,NL-HaNA_4.VEL_882.2 Particuliere Kaart van Een Gedeelte Der Kuste Malabaar of de Strekking Der Riviere van Chettua Tot Coijlang. 882.2 Blad 2.,,,,,,FALSE,
Chakkarakadavu (),NR_65,Jakkarakarre,NL-HaNA_4.VEL_882.2 Particuliere Kaart van Een Gedeelte Der Kuste Malabaar of de Strekking Der Riviere van Chettua Tot Coijlang. 882.2 Blad 2.,,,,,,FALSE,
Nedungad  (),NR_214,Nedoegnatoe,NL-HaNA_4.VEL_882.2 Particuliere Kaart van Een Gedeelte Der Kuste Malabaar of de Strekking Der Riviere van Chettua Tot Coijlang. 882.2 Blad 2.,,,,,,FALSE,
Varapuzha (),NR_71,Parabel,NL-HaNA_4.VEL_882.2 Particuliere Kaart van Een Gedeelte Der Kuste Malabaar of de Strekking Der Riviere van Chettua Tot Coijlang. 882.2 Blad 2.,,,,,,FALSE,
Kallumadam-valiyavattom (),NR_213,Baliabadong,NL-HaNA_4.VEL_882.2 Particuliere Kaart van Een Gedeelte Der Kuste Malabaar of de Strekking Der Riviere van Chettua Tot Coijlang. 882.2 Blad 2.,,,,,,FALSE,
Chathanad (),NR_67,Jaddonatty        ,NL-HaNA_4.VEL_882.2 Particuliere Kaart van Een Gedeelte Der Kuste Malabaar of de Strekking Der Riviere van Chettua Tot Coijlang. 882.2 Blad 2.,,,,,,FALSE,
Kuzhuppilly (),NR_66,Coeipally,NL-HaNA_4.VEL_882.2 Particuliere Kaart van Een Gedeelte Der Kuste Malabaar of de Strekking Der Riviere van Chettua Tot Coijlang. 882.2 Blad 2.,,,,,,FALSE,
Kadamakudi (),NR_69,Groot Gattangoetti,NL-HaNA_4.VEL_882.2 Particuliere Kaart van Een Gedeelte Der Kuste Malabaar of de Strekking Der Riviere van Chettua Tot Coijlang. 882.2 Blad 2.,,,,,,FALSE,
Narakal (),NR_217,Narike ,NL-HaNA_4.VEL_882.2 Particuliere Kaart van Een Gedeelte Der Kuste Malabaar of de Strekking Der Riviere van Chettua Tot Coijlang. 882.2 Blad 2.,,,,,,FALSE,
Nadakkavu (),NR_9 ,Narmacadoe,"NL-HaNA_4.MIKO_W37 Kaart van de Zuidkust van India, van Goa Aan de Westzijde Tot Aan de Rivier Samgam Aan de Oostzijde.",,,,,,FALSE,
Madaplathuruth  (),NR_64,Batterij van Coeriapallij,"NL-HaNA_4.VEL_883 Particuliere Kaart van Een Gedeelte van de Mallabaar, of de Strekking de Riviers van Chettua Tot Coilang.",,,,,,FALSE,
Azhikkal (),GLOB_176_HUM_1,Bellepatnam,"NL-HaNA_4.MIKO_W37 Kaart van de Zuidkust van India, van Goa Aan de Westzijde Tot Aan de Rivier Samgam Aan de Oostzijde.",,,,,,FALSE,
Azhikkal (),GLOB_176_HUM_1,Balepatan,"NL-HaNA_4.VEL_231 Kaart van Canara En Marabaar, van Onor Tot Cabo Commoryn, En Een Gedeelte van de Kust van Cormandel En Ceylon.",,,,,,FALSE,
Azhikkal (),GLOB_176_HUM_1,Palypatan,"Johann Hübner (de Jonge), Algemeene geographie, of Beschryving des geheelen aardryks",,,,,,FALSE,
Valapattanam River (),GLOB_176_GEO_1,Bellepatnam,"NL-HaNA_4.MIKO_W37 Kaart van de Zuidkust van India, van Goa Aan de Westzijde Tot Aan de Rivier Samgam Aan de Oostzijde.",,,,,,FALSE,
Valapattanam River (),GLOB_176_GEO_1,Balepatan,"NL-HaNA_4.VEL_231 Kaart van Canara En Marabaar, van Onor Tot Cabo Commoryn, En Een Gedeelte van de Kust van Cormandel En Ceylon.",,,,,,FALSE,
Valapattanam River (),GLOB_176_GEO_1,Palypatan,"Johann Hübner (de Jonge), Algemeene geographie, of Beschryving des geheelen aardryks",,,,,,FALSE,
Kollam (city) (),GLOB_38_HUM_2,Koulan,NL-HaNA_4.VEL_881 De Kusten van Malabar En Koromandel 881.,,,,,,FALSE,
Kollam (city) (),GLOB_38_HUM_2,Coulang,"NL-HaNA_4.VEL_234A Kaart van de Maldivische Eylanden, de Kust van Malabaar, Madure En Ceilon.",,,,,,FALSE,
Puthiyakavu (),NR_189,Poddoyacodde,NL-HaNA_4.VEL_882.2 Particuliere Kaart van Een Gedeelte Der Kuste Malabaar of de Strekking Der Riviere van Chettua Tot Coijlang. 882.2 Blad 2.,,,,,,FALSE,
Puthiyakavu (),NR_189,Paddoyakaddo,"NL-HaNA_4.VEL_883 Particuliere Kaart van Een Gedeelte van de Mallabaar, of de Strekking de Riviers van Chettua Tot Coilang.",,,,,,FALSE,
Pallipuram (),NR_18 ,Mannapaad,"""Francis Day,The Land of the Permauls, Or, Cochin, Its Past and Its Present""",9,"[DISAMBIGUATION] Not to be confused with Manappad in Tuticorin, Tamil Nadu.",,,,FALSE,
Karthikappally (Betimene|Carimbali|Carimbalig|Carimbillicoer|Karthikappalli),GLOB_498,Bettumanoe,"NL-HaNA_4.VEL_883 Particuliere Kaart van Een Gedeelte van de Mallabaar, of de Strekking de Riviers van Chettua Tot Coilang.",,,,,,FALSE,
Madaplathuruth  (),NR_64,Koeriapallie,NL-HaNA_4.VEL_882.2 Particuliere Kaart van Een Gedeelte Der Kuste Malabaar of de Strekking Der Riviere van Chettua Tot Coijlang. 882.2 Blad 2.,,,,,,FALSE,
Moendichery (),NR_75,Moendicherij,"NL-HaNA_4.VEL_883 Particuliere Kaart van Een Gedeelte van de Mallabaar, of de Strekking de Riviers van Chettua Tot Coilang.",,,,,,FALSE,
Varapuzha (church) (),NR_71_HUM_1,Warapolij,"NL-HaNA_4.VEL_229 De Ware Afbeelding van de Lage Landen Der Kust Malabaar Enz., Beginnende Boven de Fortresse Crangapoor En Strekt Tot Verby de Fortresse Coylang Enz.",,,,,,FALSE,
Thanneermukkom (),NR_91,Canairemoeton,"NL-HaNA_4.VEL_883 Particuliere Kaart van Een Gedeelte van de Mallabaar, of de Strekking de Riviers van Chettua Tot Coilang.",,,,,,FALSE,
Perunturuttu (),NR_89,Moedoedoer,"NL-HaNA_4.VEL_883 Particuliere Kaart van Een Gedeelte van de Mallabaar, of de Strekking de Riviers van Chettua Tot Coilang.",,"Moedoedoer might have been a corrupted spelling of the Dutch word modder, meaning mud.",,,,FALSE,
Aryad (),NR_94,Aregatoe,"NL-HaNA_4.VEL_883 Particuliere Kaart van Een Gedeelte van de Mallabaar, of de Strekking de Riviers van Chettua Tot Coilang.",,,,,,FALSE,
Karthikappally (Betimene|Carimbali|Carimbalig|Carimbillicoer|Karthikappalli),GLOB_498,Betumeny,"NL-HaNA_4.VEL_883 Particuliere Kaart van Een Gedeelte van de Mallabaar, of de Strekking de Riviers van Chettua Tot Coilang.",,,,,,FALSE,
,,,,,,,,,FALSE,
Punnapra (),NR_100,Poejeparon,NL-HaNA_4.VEL_882.1 Particuliere Kaart van Een Gedeelte Der Kuste Malabaar of de Strekking Der Riviere van Chettua Tot Coijlang. 882.1 Blad 1.,,,,,,FALSE,
Barkur (),NR_218,Baseloor,"NL-HaNA_4.MIKO_W37 Kaart van de Zuidkust van India, van Goa Aan de Westzijde Tot Aan de Rivier Samgam Aan de Oostzijde.",,,,,,FALSE,
Chelari (),NR_222,Teleri,"NL-HaNA_4.MIKO_W37 Kaart van de Zuidkust van India, van Goa Aan de Westzijde Tot Aan de Rivier Samgam Aan de Oostzijde.",,,,,,FALSE,
Chaliyar  (),NR_13,Challij,"NL-HaNA_4.MIKO_W37 Kaart van de Zuidkust van India, van Goa Aan de Westzijde Tot Aan de Rivier Samgam Aan de Oostzijde.",,,,,,FALSE,
St. Mary's Islands (),NR_227,Ilha. de S: Maria,"NL-HaNA_4.MIKO_W37 Kaart van de Zuidkust van India, van Goa Aan de Westzijde Tot Aan de Rivier Samgam Aan de Oostzijde.",,,,,,FALSE,
Manjeshwaram (),NR_228,Meserom ,"NL-HaNA_4.MIKO_W37 Kaart van de Zuidkust van India, van Goa Aan de Westzijde Tot Aan de Rivier Samgam Aan de Oostzijde.",,,,,,FALSE,
Ezhimala (Cabo de Monte Daly|Erhimala),GLOB_340,Monte Dellie,"NL-HaNA_4.MIKO_W37 Kaart van de Zuidkust van India, van Goa Aan de Westzijde Tot Aan de Rivier Samgam Aan de Oostzijde.",,,,,,FALSE,
Kozhikode (European Settlement) (),GLOB_2_1010_HUM_2,Calichut,"NL-HaNA_4.MIKO_W37 Kaart van de Zuidkust van India, van Goa Aan de Westzijde Tot Aan de Rivier Samgam Aan de Oostzijde.",,,,,,FALSE,
Kozhikode (kingdom) (),GLOB_2_1010_HUM_1,t koninkryk Calichut,"NL-HaNA_4.MIKO_W37 Kaart van de Zuidkust van India, van Goa Aan de Westzijde Tot Aan de Rivier Samgam Aan de Oostzijde.",,,,,,FALSE,
Cochin (Coastal Settlement) (),GLOB_299_HUM_1,Coetchim,"NL-HaNA_4.MIKO_W37 Kaart van de Zuidkust van India, van Goa Aan de Westzijde Tot Aan de Rivier Samgam Aan de Oostzijde.",,,,,,FALSE,
Cochin (Kingdom) (),GLOB_299_HUM_2,t koninkryk Coetchim,"NL-HaNA_4.MIKO_W37 Kaart van de Zuidkust van India, van Goa Aan de Westzijde Tot Aan de Rivier Samgam Aan de Oostzijde.",,,,,,FALSE,
Thalassery (Tallecherij|Tallicherij|Tellicherry|Talchery),GLOB_461,Tilcery,"Johann Hübner (de Jonge), Algemeene geographie, of Beschryving des geheelen aardryks",,,,,,FALSE,
"St. Andrew's Basilica, Arthunkal ()",NR_229,St. Andries,"NL-HaNA_4.MIKO_W37 Kaart van de Zuidkust van India, van Goa Aan de Westzijde Tot Aan de Rivier Samgam Aan de Oostzijde.",,,,,,FALSE,
Munro Island (),NR_230,Dieven Eyland,NL-HaNA_4.VEL_882.1 Particuliere Kaart van Een Gedeelte Der Kuste Malabaar of de Strekking Der Riviere van Chettua Tot Coijlang. 882.1 Blad 1.,,"""Dieven"" in Dutch means ""thieves."" Munroe Island is also known by its alternative name, Pathiramanal Island, which translates to ""Midnight Sand Island."" It's possible that the reference to ""midnight"" is associated with thieves, which could be one of the reasons behind this name.",,,,FALSE,
Cheria Kadamakudi (),NR_80,Kl: Gattangoetti,NL-HaNA_4.VEL_882.2 Particuliere Kaart van Een Gedeelte Der Kuste Malabaar of de Strekking Der Riviere van Chettua Tot Coijlang. 882.2 Blad 2.,,,,,,FALSE,
Mahë (Maye|Mahë),GLOB2_1274,Mihie ,"Johann Hübner (de Jonge), Algemeene geographie, of Beschryving des geheelen aardryks",211,,,,,FALSE,
Mahë (Maye|Mahë),GLOB2_1274,Mahie,"Johann Hübner (de Jonge), Algemeene geographie, of Beschryving des geheelen aardryks",211,,,,,FALSE,
Thanneermukkom (Temple) (),NR_91_HUM_1,Pagood Canairemouton,"NL-HaNA_4.VEL_883 Particuliere Kaart van Een Gedeelte van de Mallabaar, of de Strekking de Riviers van Chettua Tot Coilang.",,,,,,FALSE,
Trentpatnam (),NR_7,Trintapatam," M. O. Koshy, The Dutch Power in Kerala, 1729-1758",134,,,,,FALSE,
Trentpatnam (),NR_7,Trangapatnam,"François Valentijn, Oud en Nieuw Oost-Indiën, Vol 5",map following p. 1,,,,,FALSE,
Coutta  (),NR_8,Cota,"Johann Hübner (de Jonge), Algemeene geographie, of Beschryving des geheelen aardryks",211,,,,,FALSE,
Tennepatnam  (),NR_2,Termapatan,"Johann Hübner (de Jonge), Algemeene geographie, of Beschryving des geheelen aardryks",211,,,,,FALSE,
Vallarpadam (),NR_74,Paulisten Eyland,"NL-HaNA_4.VEL_883 Particuliere Kaart van Een Gedeelte van de Mallabaar, of de Strekking de Riviers van Chettua Tot Coilang.",,,,,,FALSE,
Vallarpadam (),NR_74,Palarpart,NL-HaNA_4.VEL_882.2 Particuliere Kaart van Een Gedeelte Der Kuste Malabaar of de Strekking Der Riviere van Chettua Tot Coijlang. 882.2 Blad 2.,,,,,,FALSE,
Vallarpadam (),NR_74,Balarparte,"NL-HaNA_4.VEL_883 Particuliere Kaart van Een Gedeelte van de Mallabaar, of de Strekking de Riviers van Chettua Tot Coilang.",,,,,,FALSE,
Wallarpat Island (),NR_74_GEO_1,Paulisten Eyland,"NL-HaNA_4.VEL_883 Particuliere Kaart van Een Gedeelte van de Mallabaar, of de Strekking de Riviers van Chettua Tot Coilang.",,,,,,FALSE,
Wallarpat Island (),NR_74_GEO_1,Balarparte,"NL-HaNA_4.VEL_883 Particuliere Kaart van Een Gedeelte van de Mallabaar, of de Strekking de Riviers van Chettua Tot Coilang.",,,,,,FALSE,
Vallarpadam (Church) (),NR_74_HUM_1,Kerk Palarpart,NL-HaNA_4.VEL_882.2 Particuliere Kaart van Een Gedeelte Der Kuste Malabaar of de Strekking Der Riviere van Chettua Tot Coijlang. 882.2 Blad 2.,,,,,,FALSE,
Palluruthy (),NR_77,Paloertij,"NL-HaNA_4.VEL_883 Particuliere Kaart van Een Gedeelte van de Mallabaar, of de Strekking de Riviers van Chettua Tot Coilang.",,,,,,FALSE,
Palluruthy (),NR_77,Paloerti,NL-HaNA_4.VEL_882.2 Particuliere Kaart van Een Gedeelte Der Kuste Malabaar of de Strekking Der Riviere van Chettua Tot Coijlang. 882.2 Blad 2.,,,,,,FALSE,
Palluruthy (Church) (),NR_77_HUM_1,Kerkje van Paloertij,"NL-HaNA_4.VEL_883 Particuliere Kaart van Een Gedeelte van de Mallabaar, of de Strekking de Riviers van Chettua Tot Coilang.",,,,,,FALSE,
Palluruthy (Church) (),NR_77_HUM_1,Kerck v: Paloerti,NL-HaNA_4.VEL_882.2 Particuliere Kaart van Een Gedeelte Der Kuste Malabaar of de Strekking Der Riviere van Chettua Tot Coijlang. 882.2 Blad 2.,,,,,,FALSE,
Palluruthy (Church) (),NR_77_HUM_1,Pagood Paloertij,"NL-HaNA_4.VEL_229 De Ware Afbeelding van de Lage Landen Der Kust Malabaar Enz., Beginnende Boven de Fortresse Crangapoor En Strekt Tot Verby de Fortresse Coylang Enz.",,,,,,FALSE,
Ezhimala (Cabo de Monte Daly|Erhimala),GLOB_340,R' Monte dellie,"NL-HaNA_4.MIKO_W37 Kaart van de Zuidkust van India, van Goa Aan de Westzijde Tot Aan de Rivier Samgam Aan de Oostzijde.",,,,,,FALSE,
Kozhikode (kingdom) (),GLOB_2_1010_HUM_1,t' Koninkryk Calichut,"NL-HaNA_4.MIKO_W37 Kaart van de Zuidkust van India, van Goa Aan de Westzijde Tot Aan de Rivier Samgam Aan de Oostzijde.",,,,,,FALSE,
Palluruthy (Point) (),NR_77_GEO_1,Hoek v: Paloerti,NL-HaNA_4.VEL_882.2 Particuliere Kaart van Een Gedeelte Der Kuste Malabaar of de Strekking Der Riviere van Chettua Tot Coijlang. 882.2 Blad 2.,,,,,,FALSE,
Kodungallur (Kingdom) (),GLOB_43_HUM_2,T' ryk Krangenoor,"NL-HaNA_4.MIKO_W37 Kaart van de Zuidkust van India, van Goa Aan de Westzijde Tot Aan de Rivier Samgam Aan de Oostzijde.",,,,,,FALSE,
"St. Andrew's Basilica, Arthunkal ()",NR_229,St. Andries,"NL-HaNA_4.MIKO_W37 Kaart van de Zuidkust van India, van Goa Aan de Westzijde Tot Aan de Rivier Samgam Aan de Oostzijde.",,,,,,FALSE,
Thanneermukkom (),NR_91,Canaire,NL-HaNA_4.VEL_884 Particuliere Caart van Een Gedeelte van de Mallabaar of de Strekking Der Riviers van Chettua Tot Coylang.,,,,,,FALSE,
Thanneermukkom (Temple) (),NR_91_HUM_1,Pagood Canaire,NL-HaNA_4.VEL_884 Particuliere Caart van Een Gedeelte van de Mallabaar of de Strekking Der Riviers van Chettua Tot Coylang.,,,,,,FALSE,
Perunturuttu (River) (),NR_89_GEO_1,Spruyt van Moededoe,NL-HaNA_4.VEL_882.1 Particuliere Kaart van een gedeelte der Kuste Malabaar of de strekking der riviere van Chettua tot Coijlang. 882.1 blad 1.,,,,,,FALSE,
Kodamthuruth (village) (),NR_130_HUM_1,Dorp Conatoerdi,NL-HaNA_4.VEL_882.1 Particuliere Kaart van een gedeelte der Kuste Malabaar of de strekking der riviere van Chettua tot Coijlang. 882.1 blad 1.,,,,,,FALSE,
Oetoewejoe (Island) (),NR_81_GEO_1,t Eyl. Oetoewejoe ,NL-HaNA_4.VEL_882.1 Particuliere Kaart van een gedeelte der Kuste Malabaar of de strekking der riviere van Chettua tot Coijlang. 882.1 blad 1.,,,,,,FALSE,
Manakkodam (guardpost) (),GLOB_394_HUM_1,Wagtpost Manikoorde,NL-HaNA_4.VEL_882.1 Particuliere Kaart van een gedeelte der Kuste Malabaar of de strekking der riviere van Chettua tot Coijlang. 882.1 blad 1.,,,,,,FALSE,
Kakkathuruth (),NR_226,T' E. Cacatoertij,NL-HaNA_4.VEL_882.1 Particuliere Kaart van een gedeelte der Kuste Malabaar of de strekking der riviere van Chettua tot Coijlang. 882.1 blad 1.,,,,,,FALSE,
Pallipuram (Church) (),NR_18_HUM_1,Kerk Paliaparon,NL-HaNA_4.VEL_882.1 Particuliere Kaart van een gedeelte der Kuste Malabaar of de strekking der riviere van Chettua tot Coijlang. 882.1 blad 1.,,,,,,FALSE,
Pallipuram (temple) (),NR_18_HUM_2,Pagood Paliaparon,NL-HaNA_4.VEL_882.1 Particuliere Kaart van een gedeelte der Kuste Malabaar of de strekking der riviere van Chettua tot Coijlang. 882.1 blad 1.,,,,,,FALSE,
Pattanakkad (Island) (),NR_131_GEO_1,T E. Poettengadoe,NL-HaNA_4.VEL_882.1 Particuliere Kaart van een gedeelte der Kuste Malabaar of de strekking der riviere van Chettua tot Coijlang. 882.1 blad 1.,,,,,,FALSE,
Cherthala (Temple)  (),NR_133_HUM_1,Pagood Kerdele,NL-HaNA_4.VEL_882.1 Particuliere Kaart van een gedeelte der Kuste Malabaar of de strekking der riviere van Chettua tot Coijlang. 882.1 blad 1.,,,,,,FALSE,
Mattam (Bazaar) (),NR_19_HUM_1,Bazaar Mouton,NL-HaNA_4.VEL_882.1 Particuliere Kaart van een gedeelte der Kuste Malabaar of de strekking der riviere van Chettua tot Coijlang. 882.1 blad 1.,,,,,,FALSE,
Varanad Devi Temple (),NR_135_HUM_1,Pagood Paronati,NL-HaNA_4.VEL_882.1 Particuliere Kaart van een gedeelte der Kuste Malabaar of de strekking der riviere van Chettua tot Coijlang. 882.1 blad 1.,,,,,,FALSE,
Vaikam (Temple) (),NR_87_HUM_1,Pagood Waikom,NL-HaNA_4.VEL_882.1 Particuliere Kaart van een gedeelte der Kuste Malabaar of de strekking der riviere van Chettua tot Coijlang. 882.1 blad 1.,,,,,,FALSE,
Thanneermukkom (Temple) (),NR_91_HUM_1,Pagood Kainaremattom,NL-HaNA_4.VEL_882.1 Particuliere Kaart van een gedeelte der Kuste Malabaar of de strekking der riviere van Chettua tot Coijlang. 882.1 blad 1.,,,,,,FALSE,
Munro Island (),NR_230,Dieven Eyland K.V. Trev,NL-HaNA_4.VEL_882.1 Particuliere Kaart van een gedeelte der Kuste Malabaar of de strekking der riviere van Chettua tot Coijlang. 882.1 blad 1.,,,,,,FALSE,
Perunturuttu (Bazaar) (),NR_89_HUM_1,Groote Bazaar van Moededoe,NL-HaNA_4.VEL_882.1 Particuliere Kaart van een gedeelte der Kuste Malabaar of de strekking der riviere van Chettua tot Coijlang. 882.1 blad 1.,,,,,,FALSE,
Aryad (Village) (),NR_94_HUM_2,Dorp Aregatoe,NL-HaNA_4.VEL_882.1 Particuliere Kaart van een gedeelte der Kuste Malabaar of de strekking der riviere van Chettua tot Coijlang. 882.1 blad 1.,,,,,,FALSE,
Aryad (Tolhuys) (),NR_94_HUM_1,Tolhuys van Aregatoe,NL-HaNA_4.VEL_882.1 Particuliere Kaart van een gedeelte der Kuste Malabaar of de strekking der riviere van Chettua tot Coijlang. 882.1 blad 1.,,,,,,FALSE,
Pallathuruthy (Island) (),NR_97_GEO_1,t Eyland Palaardoerdi,NL-HaNA_4.VEL_882.1 Particuliere Kaart van een gedeelte der Kuste Malabaar of de strekking der riviere van Chettua tot Coijlang. 882.1 blad 1.,,,,,,FALSE,
Kattur (Church) (),NR_47_HUM_1,Kerck Katoer,NL-HaNA_4.VEL_882.1 Particuliere Kaart van een gedeelte der Kuste Malabaar of de strekking der riviere van Chettua tot Coijlang. 882.1 blad 1.,,,,,,FALSE,
Pallathuruthy (Island) (),NR_97_GEO_1,Eijland Palatoerij,"NL-HaNA_4.VEL_883 Particuliere Kaart van Een Gedeelte van de Mallabaar, of de Strekking de Riviers van Chettua Tot Coilang.",,,,,,FALSE,
Pallathuruthy (Temple) (),NR_97_HUM_1,Pagood Palaartoerdi,NL-HaNA_4.VEL_882.1 Particuliere Kaart van een gedeelte der Kuste Malabaar of de strekking der riviere van Chettua tot Coijlang. 882.1 blad 1.,,,,,,FALSE,
Thumpoly (Church) (),NR_96_HUM_1,Kerck Toemboell,NL-HaNA_4.VEL_882.1 Particuliere Kaart van een gedeelte der Kuste Malabaar of de strekking der riviere van Chettua tot Coijlang. 882.1 blad 1.,,,,,,FALSE,
Ambalapuzha (Fortress) (),NR_101_HUM_1,Fortresse Ambeleppe,NL-HaNA_4.VEL_882.1 Particuliere Kaart van een gedeelte der Kuste Malabaar of de strekking der riviere van Chettua tot Coijlang. 882.1 blad 1.,,,,,,FALSE,
Karumady (Temple) (),NR_141_HUM_1,Pagood v. Caromartie,NL-HaNA_4.VEL_882.1 Particuliere Kaart van een gedeelte der Kuste Malabaar of de strekking der riviere van Chettua tot Coijlang. 882.1 blad 1.,,,,,,FALSE,Checked
Punnapra (Temple) (),NR_100_HUM_1,Pagood Poejeparon,NL-HaNA_4.VEL_882.1 Particuliere Kaart van een gedeelte der Kuste Malabaar of de strekking der riviere van Chettua tot Coijlang. 882.1 blad 1.,,,,,,FALSE,
William (Fort) (),NR_231,Fort Wilhelmus,"NL-HaNA_4.VEL_883 Particuliere Kaart van Een Gedeelte van de Mallabaar, of de Strekking de Riviers van Chettua Tot Coilang.",,,,,,FALSE,
William (Fort) (),NR_231,Fort Chettuva,Wikidata,https://www.wikidata.org/wiki/Q17070204,,,,,FALSE,
Airur (Belanga|Vellange),GLOB_283,Airouw,NL-HaNA_4.VEL_882.2 Particuliere Kaart van Een Gedeelte Der Kuste Malabaar of de Strekking Der Riviere van Chettua Tot Coijlang. 882.2 Blad 2.,,,,,,FALSE,
"Our Lady of Health, Saude (Church) ()",NR_233,Kerck Nossa Senhora da Saude,NL-HaNA_4.VEL_882.2 Particuliere Kaart van Een Gedeelte Der Kuste Malabaar of de Strekking Der Riviere van Chettua Tot Coijlang. 882.2 Blad 2.,,,,,,FALSE,
Bolgatty (),NR_73,Pologatti,NL-HaNA_4.VEL_882.2 Particuliere Kaart van Een Gedeelte Der Kuste Malabaar of de Strekking Der Riviere van Chettua Tot Coijlang. 882.2 Blad 2.,,,,,,FALSE,
Elamkunnapuzha Subramanya Swamy (Temple) (),NR_70_HUM_1,Pagood Ellegonape,"NL-HaNA_4.VEL_883 Particuliere Kaart van Een Gedeelte van de Mallabaar, of de Strekking de Riviers van Chettua Tot Coilang.",,,,,,FALSE,
Colachel (Colleetche|Colletje|Kolach|Kolachol|Colleetsje),GLOB_273,Kulechij,NL-HaNA_4.VEL_881 De Kusten van Malabar En Koromandel 881.,,,,,,FALSE,
Udayamperoor (),NR_17,Diamper,NL-HaNA_4.VEL_881 De Kusten van Malabar en Koromandel 881,,,,,,FALSE,
Angamali (),NR_234,Angamale,NL-HaNA_4.VEL_881 De Kusten van Malabar en Koromandel 881,,,,,,FALSE,
"St. Andrew's Basilica, Arthunkal ()",NR_229,St. Andrees,NL-HaNA_4.VEL_881 De Kusten van Malabar en Koromandel 881,,,,,,FALSE,
Tanur (Kingdom) (),GLOB2_1628_HUM_1,Koningr. Tanor,NL-HaNA_4.VEL_881 De Kusten van Malabar en Koromandel 881,,,,,,FALSE,
Kodungallur (Kingdom) (),GLOB_43_HUM_2,Koningr. Kranganor,NL-HaNA_4.VEL_881 De Kusten van Malabar En Koromandel 881.,,,,,,FALSE,
Tiruvalla (),NR_235,Turubele,NL-HaNA_4.VEL_881 De Kusten van Malabar En Koromandel 881.,,,,,,FALSE,
Vizhinjam (),NR_236,Injam,NL-HaNA_4.VEL_881 De Kusten van Malabar En Koromandel 881.,,,,,,FALSE,
Madre de Deus Church Vettukad (),,St Paulo Madre de Deos,"NL-HaNA_4.VEL_229 De Ware Afbeelding van de Lage Landen Der Kust Malabaar Enz., Beginnende Boven de Fortresse Crangapoor En Strekt Tot Verby de Fortresse Coylang Enz.",,,,,,FALSE,
Thrissur (Trichur|Tritsjoer),GLOB_110,Trisieur,"NL-HaNA_4.MIKO_W37 Kaart van de Zuidkust van India, van Goa Aan de Westzijde Tot Aan de Rivier Samgam Aan de Oostzijde.",,,,,,FALSE,
"St. Mary's Syro Malabar Church, Koratty ()",NR_238,St: Maria Maijor. ,"NL-HaNA_4.MIKO_W37 Kaart van de Zuidkust van India, van Goa Aan de Westzijde Tot Aan de Rivier Samgam Aan de Oostzijde.",,,,,,FALSE,
Malayattoor (),NR_239,Malacatoer,"NL-HaNA_4.MIKO_W37 Kaart van de Zuidkust van India, van Goa Aan de Westzijde Tot Aan de Rivier Samgam Aan de Oostzijde.",,,,,,FALSE,
Kayamkulam (kingdom) (),GLOB_26_HUM_2,t Rijk Calicoylang,"NL-HaNA_4.MIKO_W37 Kaart van de Zuidkust van India, van Goa Aan de Westzijde Tot Aan de Rivier Samgam Aan de Oostzijde.",,,,,,FALSE,
Elamkunnapuzha Subramanya Swamy (Temple) (),NR_70_HUM_1,Pagood Ellegoenapaye,NL-HaNA_4.VEL_882.2 Particuliere Kaart van Een Gedeelte Der Kuste Malabaar of de Strekking Der Riviere van Chettua Tot Coijlang. 882.2 Blad 2.,,,,,,FALSE,
Pallathuruthy (Temple) (),NR_97_HUM_1,Pagood Palartoertij,"NL-HaNA_4.VEL_883 Particuliere Kaart van Een Gedeelte van de Mallabaar, of de Strekking de Riviers van Chettua Tot Coilang.",,,,,,FALSE,
Pallana (),NR_104,Paloenai,NL-HaNA_4.VEL_884 Particuliere Caart van Een Gedeelte van de Mallabaar of de Strekking Der Riviers van Chettua Tot Coylang.,,,,,,FALSE,
Ambanakulangara (Temple) (),NR_93_HUM_1,Pagood Maikollongere,NL-HaNA_4.VEL_882.1 Particuliere Kaart van Een Gedeelte Der Kuste Malabaar of de Strekking Der Riviere van Chettua Tot Coijlang. 882.1 Blad 1.,,,,,,FALSE,
Ambanakulangara (Temple) (),NR_93_HUM_1,Pagood van Ollaicollongerre,NL-HaNA_4.VEL_884 Particuliere Caart van Een Gedeelte van de Mallabaar of de Strekking Der Riviers van Chettua Tot Coylang.,,,,,,FALSE,
Panayakulangara  (),NR_241,Pamencollengerre,NL-HaNA_4.VEL_884 Particuliere Caart van Een Gedeelte van de Mallabaar of de Strekking Der Riviers van Chettua Tot Coylang.,,,,,,FALSE,
Panayakulangara  (),NR_241,Paniencollengere. ,NL-HaNA_4.VEL_882.2 Particuliere Kaart van Een Gedeelte Der Kuste Malabaar of de Strekking Der Riviere van Chettua Tot Coijlang. 882.2 Blad 2.,,,,,,FALSE,
Pullangady (),NR_99,Poelikekaija,"NL-HaNA_4.VEL_883 Particuliere Kaart van Een Gedeelte van de Mallabaar, of de Strekking de Riviers van Chettua Tot Coilang.",,,,,,FALSE,
Pullangady (),NR_99,Poelikekaia,NL-HaNA_4.VEL_882.1 Particuliere Kaart van Een Gedeelte Der Kuste Malabaar of de Strekking Der Riviere van Chettua Tot Coijlang. 882.1 Blad 1.,,,,,,FALSE,
Pullangady (),NR_99,Polikekaiw,NL-HaNA_4.VEL_884 Particuliere Caart van Een Gedeelte van de Mallabaar of de Strekking Der Riviers van Chettua Tot Coylang.,,,,,,FALSE,
Punnapra (Temple) (),NR_100_HUM_1,Pagood Poenjapare,"NL-HaNA_4.VEL_883 Particuliere Kaart van Een Gedeelte van de Mallabaar, of de Strekking de Riviers van Chettua Tot Coilang.",,,,,,FALSE,
Punnapra (Temple) (),NR_100_HUM_1,Pagood Poenjeparon,NL-HaNA_4.VEL_884 Particuliere Caart van Een Gedeelte van de Mallabaar of de Strekking Der Riviers van Chettua Tot Coylang.,,,,,,FALSE,
Ambalapuzha (),NR_101,Ampeleppe,NL-HaNA_4.VEL_884 Particuliere Caart van Een Gedeelte van de Mallabaar of de Strekking Der Riviers van Chettua Tot Coylang.,,,,,,FALSE,
Ambalapuzha (Fortress) (),NR_101_HUM_1,Fortres Ampeleppe,NL-HaNA_4.VEL_884 Particuliere Caart van Een Gedeelte van de Mallabaar of de Strekking Der Riviers van Chettua Tot Coylang.,,,,,,FALSE,
Anandeshwaram Mahadeva Temple (),NR_103_HUM_1,Pagood Anaseram,"NL-HaNA_4.VEL_883 Particuliere Kaart van Een Gedeelte van de Mallabaar, of de Strekking de Riviers van Chettua Tot Coilang.",,,,,,FALSE,
Thiruvanchikulam (temple) (),NR_200,Tiriwangancolom,NL-HaNA_4.VEL_884 Particuliere Caart van Een Gedeelte van de Mallabaar of de Strekking Der Riviers van Chettua Tot Coylang.,,,,,,FALSE,
Kanjiramattom Temple (),NR_242,Pagood Kainaremoeton,NL-HaNA_4.VEL_882.1 Particuliere Kaart van Een Gedeelte Der Kuste Malabaar of de Strekking Der Riviere van Chettua Tot Coijlang. 882.1 Blad 1.,,,,,,FALSE,
Bolgatty (),NR_73,Molegare,"H.K. s' Jacob, De Nederlanders in Kerala 1663-1701 ('s Gravenhage: Martinus Nijhoff, 1974)",4 (footnote),,,,,FALSE,
Kodungallur (Fort) (),GLOB_43_HUM_3,Fort Cranganoor,"NL-HaNA_4.VEL_883 Particuliere Kaart van Een Gedeelte van de Mallabaar, of de Strekking de Riviers van Chettua Tot Coilang.",,,,,,FALSE,
T Muskieten Eyland (),NR_243,Musquite Eyland,"NL-HaNA_4.VEL_883 Particuliere Kaart van Een Gedeelte van de Mallabaar, of de Strekking de Riviers van Chettua Tot Coilang.",,,,,,FALSE,
Kalvetti (),NR_244,Caluyte,"H.K. s' Jacob, De Nederlanders in Kerala 1663-1701 ('s Gravenhage: Martinus Nijhoff, 1974)",61 (footnote),,,,,FALSE,
Kalvetti (),NR_244,Calvettij,"NL-HaNA_4.VEL_883 Particuliere Kaart van Een Gedeelte van de Mallabaar, of de Strekking de Riviers van Chettua Tot Coilang.",,,,,,FALSE,
Vizhinjam (),NR_236,Brinjan,"H.K. s' Jacob, De Nederlanders in Kerala 1663-1701 ('s Gravenhage: Martinus Nijhoff, 1974)",228 (footnote),,,,,FALSE,
,,,,,,,,,FALSE,
,,,,,,,,,FALSE,
,,,,,,,,,FALSE,
,,,,,,,,,FALSE,
,,,,,,,,,FALSE,
,,,,,,,,,FALSE,
,,,,,,,,,FALSE,
,,,,,,,,,FALSE,
,,,,,,,,,FALSE,
,,,,,,,,,FALSE,
,,,,,,,,,FALSE,
,,,,,,,,,FALSE,
,,,,,,,,,FALSE,
,,,,,,,,,FALSE,
,,,,,,,,,FALSE,
,,,,,,,,,FALSE,
,,,,,,,,,FALSE,
,,,,,,,,,FALSE,
,,,,,,,,,FALSE,
,,,,,,,,,FALSE,
,,,,,,,,,FALSE,
,,,,,,,,,FALSE,
,,,,,,,,,FALSE,
,,,,,,,,,FALSE,
,,,,,,,,,FALSE,
,,,,,,,,,FALSE,
,,,,,,,,,FALSE,
,,,,,,,,,FALSE,
,,,,,,,,,FALSE,
,,,,,,,,,FALSE,
,,,,,,,,,FALSE,
,,,,,,,,,FALSE,
,,,,,,,,,FALSE,
,,,,,,,,,FALSE,
,,,,,,,,,FALSE,
,,,,,,,,,FALSE,
,,,,,,,,,FALSE,
,,,,,,,,,FALSE,
,,,,,,,,,FALSE,
,,,,,,,,,FALSE,
,,,,,,,,,FALSE,
,,,,,,,,,FALSE,
,,,,,,,,,FALSE,
,,,,,,,,,FALSE,
,,,,,,,,,FALSE,
,,,,,,,,,FALSE,
,,,,,,,,,FALSE,
,,,,,,,,,FALSE,
,,,,,,,,,FALSE,
,,,,,,,,,FALSE,
,,,,,,,,,FALSE,
,,,,,,,,,FALSE,
,,,,,,,,,FALSE,
,,,,,,,,,FALSE,
,,,,,,,,,FALSE,
,,,,,,,,,FALSE,
,,,,,,,,,FALSE,
,,,,,,,,,FALSE,
,,,,,,,,,FALSE,
,,,,,,,,,FALSE,
,,,,,,,,,FALSE,
,,,,,,,,,FALSE,
,,,,,,,,,FALSE,
,,,,,,,,,FALSE,
,,,,,,,,,FALSE,
,,,,,,,,,FALSE,
,,,,,,,,,FALSE,
,,,,,,,,,FALSE,
,,,,,,,,,FALSE,
,,,,,,,,,FALSE,
,,,,,,,,,FALSE,
,,,,,,,,,FALSE,
,,,,,,,,,FALSE,
,,,,,,,,,FALSE,
,,,,,,,,,FALSE,
,,,,,,,,,FALSE,
,,,,,,,,,FALSE,
,,,,,,,,,FALSE,
,,,,,,,,,FALSE,
,,,,,,,,,FALSE,
,,,,,,,,,FALSE,
,,,,,,,,,FALSE,
,,,,,,,,,FALSE,
,,,,,,,,,FALSE,
,,,,,,,,,FALSE,
,,,,,,,,,FALSE,
,,,,,,,,,FALSE,
,,,,,,,,,FALSE,
,,,,,,,,,FALSE,
,,,,,,,,,FALSE,
,,,,,,,,,FALSE,
,,,,,,,,,FALSE,
,,,,,,,,,FALSE,
,,,,,,,,,FALSE,
,,,,,,,,,FALSE,
,,,,,,,,,FALSE,
,,,,,,,,,FALSE,
,,,,,,,,,FALSE,
,,,,,,,,,FALSE,
,,,,,,,,,FALSE,
,,,,,,,,,FALSE,
,,,,,,,,,FALSE,
,,,,,,,,,FALSE,
,,,,,,,,,FALSE,
,,,,,,,,,FALSE,
,,,,,,,,,FALSE,
,,,,,,,,,FALSE,
,,,,,,,,,FALSE,
,,,,,,,,,FALSE,
,,,,,,,,,FALSE,
,,,,,,,,,FALSE,
,,,,,,,,,FALSE,
,,,,,,,,,FALSE,
,,,,,,,,,FALSE,
,,,,,,,,,FALSE,
,,,,,,,,,FALSE,
,,,,,,,,,FALSE,
,,,,,,,,,FALSE,
,,,,,,,,,FALSE,
,,,,,,,,,FALSE,
,,,,,,,,,FALSE,
,,,,,,,,,FALSE,
,,,,,,,,,FALSE,
,,,,,,,,,FALSE,
,,,,,,,,,FALSE,
,,,,,,,,,FALSE,
,,,,,,,,,FALSE,
,,,,,,,,,FALSE,
,,,,,,,,,FALSE,
,,,,,,,,,FALSE,
,,,,,,,,,FALSE,
,,,,,,,,,FALSE,
,,,,,,,,,FALSE,
,,,,,,,,,FALSE,
,,,,,,,,,FALSE,
,,,,,,,,,FALSE,
,,,,,,,,,FALSE,
,,,,,,,,,FALSE,
,,,,,,,,,FALSE,
,,,,,,,,,FALSE,
,,,,,,,,,FALSE,
,,,,,,,,,FALSE,
,,,,,,,,,FALSE,
,,,,,,,,,FALSE,
,,,,,,,,,FALSE,
,,,,,,,,,FALSE,
,,,,,,,,,FALSE,
,,,,,,,,,FALSE,
,,,,,,,,,FALSE,
,,,,,,,,,FALSE,
,,,,,,,,,FALSE,
,,,,,,,,,FALSE,
,,,,,,,,,FALSE,
,,,,,,,,,FALSE,
,,,,,,,,,FALSE,
,,,,,,,,,FALSE,
,,,,,,,,,FALSE,
,,,,,,,,,FALSE,
,,,,,,,,,FALSE,
,,,,,,,,,FALSE,
,,,,,,,,,FALSE,
,,,,,,,,,FALSE,
,,,,,,,,,FALSE,
,,,,,,,,,FALSE,
,,,,,,,,,FALSE,
,,,,,,,,,FALSE,
,,,,,,,,,FALSE,
,,,,,,,,,FALSE,
,,,,,,,,,FALSE,
,,,,,,,,,FALSE,
,,,,,,,,,FALSE,
,,,,,,,,,FALSE,
,,,,,,,,,FALSE,
,,,,,,,,,FALSE,
,,,,,,,,,FALSE,
,,,,,,,,,FALSE,
,,,,,,,,,FALSE,
,,,,,,,,,FALSE,
,,,,,,,,,FALSE,
,,,,,,,,,FALSE,
,,,,,,,,,FALSE,
,,,,,,,,,FALSE,
,,,,,,,,,FALSE,
,,,,,,,,,FALSE,
,,,,,,,,,FALSE,
,,,,,,,,,FALSE,
,,,,,,,,,FALSE,
,,,,,,,,,FALSE,
,,,,,,,,,FALSE,
,,,,,,,,,FALSE,
,,,,,,,,,FALSE,
,,,,,,,,,FALSE,
,,,,,,,,,FALSE,
,,,,,,,,,FALSE,
,,,,,,,,,FALSE,
,,,,,,,,,FALSE,
,,,,,,,,,FALSE,
,,,,,,,,,FALSE,
,,,,,,,,,FALSE,
,,,,,,,,,FALSE,
,,,,,,,,,FALSE,
,,,,,,,,,FALSE,
,,,,,,,,,FALSE,
,,,,,,,,,FALSE,
,,,,,,,,,FALSE,
,,,,,,,,,FALSE,
,,,,,,,,,FALSE,
,,,,,,,,,FALSE,
,,,,,,,,,FALSE,
,,,,,,,,,FALSE,
,,,,,,,,,FALSE,
,,,,,,,,,FALSE,
,,,,,,,,,FALSE,
,,,,,,,,,FALSE,
,,,,,,,,,FALSE,
,,,,,,,,,FALSE,
,,,,,,,,,FALSE,
,,,,,,,,,FALSE,
,,,,,,,,,FALSE,
,,,,,,,,,FALSE,
,,,,,,,,,FALSE,
,,,,,,,,,FALSE,
,,,,,,,,,FALSE,
,,,,,,,,,FALSE,
,,,,,,,,,FALSE,
,,,,,,,,,FALSE,
,,,,,,,,,FALSE,
,,,,,,,,,FALSE,
,,,,,,,,,FALSE,
,,,,,,,,,FALSE,
,,,,,,,,,FALSE,
,,,,,,,,,FALSE,
,,,,,,,,,FALSE,
,,,,,,,,,FALSE,
,,,,,,,,,FALSE,
,,,,,,,,,FALSE,
,,,,,,,,,FALSE,
,,,,,,,,,FALSE,
,,,,,,,,,FALSE,
,,,,,,,,,FALSE,
,,,,,,,,,FALSE,
,,,,,,,,,FALSE,
,,,,,,,,,FALSE,
,,,,,,,,,FALSE,
,,,,,,,,,FALSE,